#
# A fatal error has been detected by the Java Runtime Environment:
#
#  EXCEPTION_ACCESS_VIOLATION (0xc0000005) at pc=0x00007ffd6f912cd0, pid=18316, tid=14996
#
# JRE version: Java(TM) SE Runtime Environment (17.0.2+8) (build 17.0.2+8-LTS-86)
# Java VM: Java HotSpot(TM) 64-Bit Server VM (17.0.2+8-LTS-86, mixed mode, sharing, tiered, compressed oops, compressed class ptrs, g1 gc, windows-amd64)
# Problematic frame:
# V  [jvm.dll+0x9f2cd0]
#
# No core dump will be written. Minidumps are not enabled by default on client versions of Windows
#
# If you would like to submit a bug report, please visit:
#   https://bugreport.java.com/bugreport/crash.jsp
#

---------------  S U M M A R Y ------------

Command Line: --add-opens=java.base/java.lang=ALL-UNNAMED --add-opens=java.base/java.lang.invoke=ALL-UNNAMED --add-opens=java.base/java.util=ALL-UNNAMED --add-opens=java.prefs/java.util.prefs=ALL-UNNAMED --add-exports=jdk.compiler/com.sun.tools.javac.api=ALL-UNNAMED --add-exports=jdk.compiler/com.sun.tools.javac.util=ALL-UNNAMED --add-opens=java.base/java.util=ALL-UNNAMED --add-opens=java.prefs/java.util.prefs=ALL-UNNAMED --add-opens=java.base/java.nio.charset=ALL-UNNAMED --add-opens=java.base/java.net=ALL-UNNAMED --add-opens=java.base/java.util.concurrent.atomic=ALL-UNNAMED --add-opens=java.xml/javax.xml.namespace=ALL-UNNAMED -XX:MaxMetaspaceSize=1g -Xmx3g -Dfile.encoding=UTF-8 -Duser.country=FR -Duser.language=fr -Duser.variant -javaagent:C:\Users\charl\.gradle\wrapper\dists\gradle-8.13-bin\5xuhj0ry160q40clulazy9h7d\gradle-8.13\lib\agents\gradle-instrumentation-agent-8.13.jar org.gradle.launcher.daemon.bootstrap.GradleDaemon 8.13

Host: AMD Ryzen 5 4600HS with Radeon Graphics         , 12 cores, 15G,  Windows 11 , 64 bit Build 26100 (10.0.26100.9444)
Time: Wed Sep 30 18:22:35 2026 Europe de l , 64 bit Build 26100 (10.0.26100.9444) elapsed time: 331.213675 seconds (0d 0h 5m 31s)

---------------  T H R E A D  ---------------

Current thread (0x000001d322787e20):  JavaThread "C2 CompilerThread2" daemon [_thread_in_native, id=14996, stack(0x000000b90be00000,0x000000b90bf00000)]


Current CompileTask:
C2: 331213 62045       4       com.intellij.codeInsight.AnnotationUtil::getAllAnnotations (597 bytes)

Stack: [0x000000b90be00000,0x000000b90bf00000],  sp=0x000000b90befb348,  free space=1004k
Native frames: (J=compiled Java code, j=interpreted, Vv=VM code, C=native code)
V  [jvm.dll+0x9f2cd0]


siginfo: EXCEPTION_ACCESS_VIOLATION (0xc0000005), data execution prevention violation at address 0x00007ffd6f912cd0


Register to memory mapping:

RIP=0x00007ffd6f912cd0 jvm.dll
RAX=0x00007ffd6f87cc88 jvm.dll
RBX=0x000001d3357530f0 points into unknown readable memory: 0x00007ffd6f7ee950 | 50 e9 7e 6f fd 7f 00 00
RCX=0x000001d3221890b8 points into unknown readable memory: 0x00007ffd6f87cc88 | 88 cc 87 6f fd 7f 00 00
RDX=0x0000000000000011 is an unknown value
RSP=0x000000b90befb348 is pointing into the stack for thread: 0x000001d322787e20
RBP=0x0 is NULL
RSI=0x000001d3221890b8 points into unknown readable memory: 0x00007ffd6f87cc88 | 88 cc 87 6f fd 7f 00 00
RDI=0x000000b90befb710 is pointing into the stack for thread: 0x000001d322787e20
R8 =0x000001d33540ec70 points into unknown readable memory: 0x00007ffd6f87d240 | 40 d2 87 6f fd 7f 00 00
R9 =0x000001d333d5fea0 points into unknown readable memory: 0x000001d322187c70 | 70 7c 18 22 d3 01 00 00
R10=0x000001d3272e5ae8 points into unknown readable memory: 0x000001d3272e4778 | 78 47 2e 27 d3 01 00 00
R11=0x000000b90befb710 is pointing into the stack for thread: 0x000001d322787e20
R12=0x000001d3272e5a90 points into unknown readable memory: 0x00007ffd6f7d2c48 | 48 2c 7d 6f fd 7f 00 00
R13=0x000001d3235d1da8 points into unknown readable memory: 0x00007ffd6f7d2eb0 | b0 2e 7d 6f fd 7f 00 00
R14=0x000001d33540ec70 points into unknown readable memory: 0x00007ffd6f87d240 | 40 d2 87 6f fd 7f 00 00
R15=0x000001d3429805b0 points into unknown readable memory: 0x00007ffd6f81b9e0 | e0 b9 81 6f fd 7f 00 00


Registers:
RAX=0x00007ffd6f87cc88, RBX=0x000001d3357530f0, RCX=0x000001d3221890b8, RDX=0x0000000000000011
RSP=0x000000b90befb348, RBP=0x0000000000000000, RSI=0x000001d3221890b8, RDI=0x000000b90befb710
R8 =0x000001d33540ec70, R9 =0x000001d333d5fea0, R10=0x000001d3272e5ae8, R11=0x000000b90befb710
R12=0x000001d3272e5a90, R13=0x000001d3235d1da8, R14=0x000001d33540ec70, R15=0x000001d3429805b0
RIP=0x00007ffd6f912cd0, EFLAGS=0x0000000000010246

Top of Stack: (sp=0x000000b90befb348)
0x000000b90befb348:   00007ffd6f65064a 000001d3429805b0
0x000000b90befb358:   00007ffd6f64f1ca 000001d335e0df18
0x000000b90befb368:   00007ffd6f5b6895 000001d335e0df18
0x000000b90befb378:   000000b90befb710 000000b90befb710
0x000000b90befb388:   00007ffd6f64f154 000001d3429805b0
0x000000b90befb398:   000001d3301e67d8 000001d3301e8738
0x000000b90befb3a8:   000000b90befb710 000001d3235d1d58
0x000000b90befb3b8:   00007ffd6f28388f 000001d3429805b0
0x000000b90befb3c8:   000001d3261f4728 000000b90befe690
0x000000b90befb3d8:   000001d3301e67d8 0000000000000000
0x000000b90befb3e8:   0000000000000003 000001d3272e5a90
0x000000b90befb3f8:   000001d3301e67d8 000001d345091a40
0x000000b90befb408:   000001d3235d1d58 000001d3301e8738
0x000000b90befb418:   00007ffd6f0d5268 000001d300000002
0x000000b90befb428:   00007ffd6f282246 000000b90befb710
0x000000b90befb438:   000001d32b1d6528 00000000000005a8 

Instructions: (pc=0x00007ffd6f912cd0)
0x00007ffd6f912bd0:   e8 2b 9f 00 c0 2b 9f 00 00 00 00 00 00 00 00 00
0x00007ffd6f912be0:   00 00 00 00 00 00 00 00 00 00 00 00 00 00 00 00
0x00007ffd6f912bf0:   03 00 00 00 00 2c 9f 00 00 00 00 00 00 00 00 00
0x00007ffd6f912c00:   20 2c 9f 00 90 9a 98 00 10 9a 98 00 00 00 00 00
0x00007ffd6f912c10:   00 00 00 00 00 00 00 00 00 00 00 00 00 00 00 00
0x00007ffd6f912c20:   b8 5f ad 00 02 00 00 00 00 00 00 00 ff ff ff ff
0x00007ffd6f912c30:   00 00 00 00 40 00 00 00 e8 2b 9f 00 00 00 00 00
0x00007ffd6f912c40:   00 00 00 00 00 00 00 00 01 00 00 00 00 00 00 00
0x00007ffd6f912c50:   00 00 00 00 d8 5f ad 00 70 2c 9f 00 48 2c 9f 00
0x00007ffd6f912c60:   00 00 00 00 00 00 00 00 00 00 00 00 00 00 00 00
0x00007ffd6f912c70:   00 00 00 00 00 00 00 00 03 00 00 00 88 2c 9f 00
0x00007ffd6f912c80:   00 00 00 00 00 00 00 00 a8 2c 9f 00 90 9a 98 00
0x00007ffd6f912c90:   10 9a 98 00 00 00 00 00 00 00 00 00 00 00 00 00
0x00007ffd6f912ca0:   00 00 00 00 00 00 00 00 d8 5f ad 00 02 00 00 00
0x00007ffd6f912cb0:   00 00 00 00 ff ff ff ff 00 00 00 00 40 00 00 00
0x00007ffd6f912cc0:   70 2c 9f 00 00 00 00 00 00 00 00 00 00 00 00 00
0x00007ffd6f912cd0:   01 00 00 00 00 00 00 00 00 00 00 00 f8 5f ad 00
0x00007ffd6f912ce0:   f8 2c 9f 00 d0 2c 9f 00 00 00 00 00 00 00 00 00
0x00007ffd6f912cf0:   00 00 00 00 00 00 00 00 00 00 00 00 00 00 00 00
0x00007ffd6f912d00:   03 00 00 00 10 2d 9f 00 00 00 00 00 00 00 00 00
0x00007ffd6f912d10:   30 2d 9f 00 58 24 9f 00 10 9a 98 00 00 00 00 00
0x00007ffd6f912d20:   00 00 00 00 00 00 00 00 00 00 00 00 00 00 00 00
0x00007ffd6f912d30:   f8 5f ad 00 02 00 00 00 00 00 00 00 ff ff ff ff
0x00007ffd6f912d40:   00 00 00 00 40 00 00 00 f8 2c 9f 00 00 00 00 00
0x00007ffd6f912d50:   00 00 00 00 00 00 00 00 01 00 00 00 00 00 00 00
0x00007ffd6f912d60:   00 00 00 00 20 60 ad 00 80 2d 9f 00 58 2d 9f 00
0x00007ffd6f912d70:   00 00 00 00 00 00 00 00 00 00 00 00 00 00 00 00
0x00007ffd6f912d80:   00 00 00 00 00 00 00 00 04 00 00 00 98 2d 9f 00
0x00007ffd6f912d90:   00 00 00 00 00 00 00 00 c0 2d 9f 00 e0 24 9f 00
0x00007ffd6f912da0:   58 24 9f 00 10 9a 98 00 00 00 00 00 00 00 00 00
0x00007ffd6f912db0:   00 00 00 00 00 00 00 00 00 00 00 00 00 00 00 00
0x00007ffd6f912dc0:   20 60 ad 00 03 00 00 00 00 00 00 00 ff ff ff ff 


Stack slot to memory mapping:
stack at sp + 0 slots: 0x00007ffd6f65064a jvm.dll
stack at sp + 1 slots: 0x000001d3429805b0 points into unknown readable memory: 0x00007ffd6f81b9e0 | e0 b9 81 6f fd 7f 00 00
stack at sp + 2 slots: 0x00007ffd6f64f1ca jvm.dll
stack at sp + 3 slots: 0x000001d335e0df18 points into unknown readable memory: 0x00007ffd6f7ff4c8 | c8 f4 7f 6f fd 7f 00 00
stack at sp + 4 slots: 0x00007ffd6f5b6895 jvm.dll
stack at sp + 5 slots: 0x000001d335e0df18 points into unknown readable memory: 0x00007ffd6f7ff4c8 | c8 f4 7f 6f fd 7f 00 00
stack at sp + 6 slots: 0x000000b90befb710 is pointing into the stack for thread: 0x000001d322787e20
stack at sp + 7 slots: 0x000000b90befb710 is pointing into the stack for thread: 0x000001d322787e20


---------------  P R O C E S S  ---------------

Threads class SMR info:
_java_thread_list=0x000001d335baaf80, length=325, elements={
0x000001d37ed4b120, 0x000001d3216e1ee0, 0x000001d3216e39b0, 0x000001d3216f9c30,
0x000001d3216fc500, 0x000001d3216fcdc0, 0x000001d3216fd680, 0x000001d3216fe270,
0x000001d3216feb70, 0x000001d3216ff470, 0x000001d3216cb340, 0x000001d3223945b0,
0x000001d32407c100, 0x000001d323f61460, 0x000001d324017980, 0x000001d3241532a0,
0x000001d3241545e0, 0x000001d324154f80, 0x000001d324152900, 0x000001d324152dd0,
0x000001d3268a5a20, 0x000001d32b3449e0, 0x000001d32756fb00, 0x000001d3275704a0,
0x000001d327570970, 0x000001d32756cfb0, 0x000001d327570e40, 0x000001d327571310,
0x000001d327572b20, 0x000001d327571cb0, 0x000001d32ce41e30, 0x000001d32ce40fc0,
0x000001d32ce43640, 0x000001d32ce41490, 0x000001d326594400, 0x000001d326aa3e70,
0x000001d326aff960, 0x000001d327b9e5e0, 0x000001d326b00ca0, 0x000001d325d8b960,
0x000001d325d8a620, 0x000001d325d8b490, 0x000001d325d88e10, 0x000001d325d8aaf0,
0x000001d325d892e0, 0x000001d325d87fa0, 0x000001d32da2a330, 0x000001d32da2a800,
0x000001d32da27cb0, 0x000001d32da28ff0, 0x000001d3262da1a0, 0x000001d3222403f0,
0x000001d3262db4e0, 0x000001d3262dc350, 0x000001d331e2dd20, 0x000001d323612a40,
0x000001d323613d80, 0x000001d330aec700, 0x000001d32278bb70, 0x000001d32278c040,
0x000001d32278c510, 0x000001d32278c9e0, 0x000001d326596f50, 0x000001d32d3c4040,
0x000001d32d3c4510, 0x000001d332060160, 0x000001d33205ee20, 0x000001d332060630,
0x000001d33205f2f0, 0x000001d33205fc90, 0x000001d33205f7c0, 0x000001d32ff9abc0,
0x000001d32ff9ba30, 0x000001d32ff9b090, 0x000001d32ff9b560, 0x000001d325d8a150,
0x000001d325d88940, 0x000001d326b00300, 0x000001d3354f72c0, 0x000001d3354f9940,
0x000001d3354f8600, 0x000001d3354fac80, 0x000001d3354f9e10, 0x000001d3229c57a0,
0x000001d3229c6610, 0x000001d3229c6ae0, 0x000001d3229c82f0, 0x000001d32ff9cd70,
0x000001d32ff9c8a0, 0x000001d323615a60, 0x000001d323615590, 0x000001d3236120a0,
0x000001d323614250, 0x000001d3236138b0, 0x000001d323614bf0, 0x000001d3236150c0,
0x000001d323612570, 0x000001d3262dbe80, 0x000001d3262d9330, 0x000001d3262dc820,
0x000001d32ff9bf00, 0x000001d32fdf21a0, 0x000001d32278b6a0, 0x000001d32278ceb0,
0x000001d32278d380, 0x000001d3229c5c70, 0x000001d32ff9c3d0, 0x000001d32ff99d50,
0x000001d32ff9a220, 0x000001d32ff9a6f0, 0x000001d3229c6fb0, 0x000001d32ff9d710,
0x000001d3229c7480, 0x000001d32d61a4e0, 0x000001d3229c4930, 0x000001d32d618330,
0x000001d3229c52d0, 0x000001d32d617e60, 0x000001d32d618cd0, 0x000001d32da28180,
0x000001d32da28650, 0x000001d330aeaef0, 0x000001d330aeb3c0, 0x000001d3349d4d80,
0x000001d3349d3f10, 0x000001d3349d5250, 0x000001d3349d7400, 0x000001d3349d60c0,
0x000001d3349d78d0, 0x000001d3349d43e0, 0x000001d32278d850, 0x000001d32278dd20,
0x000001d3262dccf0, 0x000001d32278a830, 0x000001d32278e1f0, 0x000001d3262d9cd0,
0x000001d32278ad00, 0x000001d32278b1d0, 0x000001d3317d3d00, 0x000001d3262d9800,
0x000001d3262da670, 0x000001d3317d3830, 0x000001d32da2b1a0, 0x000001d3262dab40,
0x000001d3225ad000, 0x000001d3262db9b0, 0x000001d3225ade70, 0x000001d32d1922c0,
0x000001d328e54a80, 0x000001d32da294c0, 0x000001d32d61a010, 0x000001d32da29e60,
0x000001d32223fa50, 0x000001d32da29990, 0x000001d32223ff20, 0x000001d3222408c0,
0x000001d32da2acd0, 0x000001d322241260, 0x000001d32da28b20, 0x000001d3222420d0,
0x000001d32da277e0, 0x000001d322240d90, 0x000001d322241730, 0x000001d32223ebe0,
0x000001d32223f580, 0x000001d322241c00, 0x000001d3267caa40, 0x000001d3222425a0,
0x000001d328e51f30, 0x000001d328e52da0, 0x000001d328e52400, 0x000001d328e53c10,
0x000001d328e53270, 0x000001d328e53740, 0x000001d328e528d0, 0x000001d328e54f50,
0x000001d3225ae340, 0x000001d3225ad4d0, 0x000001d3225ae810, 0x000001d3225b09c0,
0x000001d3225afb50, 0x000001d3225aece0, 0x000001d3225ad9a0, 0x000001d3225b04f0,
0x000001d3267caf10, 0x000001d3267cda60, 0x000001d32d3c36a0, 0x000001d3355d7d10,
0x000001d3355d9050, 0x000001d3355d81e0, 0x000001d3355d7840, 0x000001d328e540e0,
0x000001d3355d86b0, 0x000001d3267cd0c0, 0x000001d3267cb3e0, 0x000001d3267cb8b0,
0x000001d3267cdf30, 0x000001d326aa3000, 0x000001d326aa4340, 0x000001d331d890b0,
0x000001d331d89580, 0x000001d331d88be0, 0x000001d331d8b730, 0x000001d331d87d70,
0x000001d331d88710, 0x000001d331d88240, 0x000001d331d89a50, 0x000001d3354f7790,
0x000001d331d8ad90, 0x000001d32ff9d240, 0x000001d327b9dc40, 0x000001d327b9d2a0,
0x000001d327b9d770, 0x000001d327b9e110, 0x000001d327b9c900, 0x000001d327b9eab0,
0x000001d327b9ef80, 0x000001d327b9f450, 0x000001d327b9c430, 0x000001d32fdf0990,
0x000001d32fdf0e60, 0x000001d32fdf1cd0, 0x000001d328e545b0, 0x000001d3355d8b80,
0x000001d32d619670, 0x000001d330168bb0, 0x000001d3225af1b0, 0x000001d32d6191a0,
0x000001d3345afc80, 0x000001d3225af680, 0x000001d3267ccbf0, 0x000001d330166a00,
0x000001d3301686e0, 0x000001d3345b0620, 0x000001d3345b0af0, 0x000001d328e51a60,
0x000001d3349d48b0, 0x000001d3354f8130, 0x000001d3345b0fc0, 0x000001d331d89f20,
0x000001d327b9f920, 0x000001d327b9bf60, 0x000001d3285a2950, 0x000001d326595c10,
0x000001d3354f8fa0, 0x000001d3354fa7b0, 0x000001d331d8b260, 0x000001d3267cc720,
0x000001d3267ce400, 0x000001d331e2fed0, 0x000001d331e2fa00, 0x000001d331d8a3f0,
0x000001d3420462c0, 0x000001d338eeb490, 0x000001d330169a20, 0x000001d3265948d0,
0x000001d323612f10, 0x000001d326596a80, 0x000001d3349d5bf0, 0x000001d32b405610,
0x000001d3354f7c60, 0x000001d331d8a8c0, 0x000001d342046c60, 0x000001d3345b2ca0,
0x000001d326598760, 0x000001d32278a190, 0x000001d322787e20, 0x000001d326594da0,
0x000001d331e303a0, 0x000001d326aa39a0, 0x000001d32d788860, 0x000001d330169550,
0x000001d330166ed0, 0x000001d330167d40, 0x000001d3301673a0, 0x000001d3354f8ad0,
0x000001d330167870, 0x000001d326597420, 0x000001d331e2e1f0, 0x000001d32d789ba0,
0x000001d3285a1ae0, 0x000001d32d61a9b0, 0x000001d331e30d40, 0x000001d32d788390,
0x000001d32d7861e0, 0x000001d32d789200, 0x000001d339362730, 0x000001d32d7866b0,
0x000001d3354f9470, 0x000001d3354fa2e0, 0x000001d32d786b80, 0x000001d339362c00,
0x000001d3301de6f0, 0x000001d339363a70, 0x000001d32d787050, 0x000001d32d787520,
0x000001d32d7879f0, 0x000001d3437839b0, 0x000001d3437834e0, 0x000001d325d8afc0,
0x000001d339362260, 0x000001d342106940, 0x000001d326598c30, 0x000001d343784820,
0x000001d326595740, 0x000001d32659c120, 0x000001d32659c5f0, 0x000001d32b4077c0,
0x000001d32b4072f0, 0x000001d32b403e00, 0x000001d34532ee50, 0x000001d341d78ee0,
0x000001d341d78540, 0x000001d344258060, 0x000001d344258ed0, 0x000001d3345af7b0,
0x000001d3345b0150, 0x000001d32659b2b0, 0x000001d3265995d0, 0x000001d344259870,
0x000001d345426200, 0x000001d326599100, 0x000001d3267cbd80, 0x000001d341eac060,
0x000001d341eaf550
}

Java Threads: ( => current thread )
  0x000001d37ed4b120 JavaThread "main" [_thread_blocked, id=8980, stack(0x000000b907f00000,0x000000b908000000)]
  0x000001d3216e1ee0 JavaThread "Reference Handler" daemon [_thread_blocked, id=5988, stack(0x000000b908600000,0x000000b908700000)]
  0x000001d3216e39b0 JavaThread "Finalizer" daemon [_thread_blocked, id=18060, stack(0x000000b908700000,0x000000b908800000)]
  0x000001d3216f9c30 JavaThread "Signal Dispatcher" daemon [_thread_blocked, id=5556, stack(0x000000b908800000,0x000000b908900000)]
  0x000001d3216fc500 JavaThread "Attach Listener" daemon [_thread_blocked, id=16708, stack(0x000000b908900000,0x000000b908a00000)]
  0x000001d3216fcdc0 JavaThread "Service Thread" daemon [_thread_blocked, id=25940, stack(0x000000b908a00000,0x000000b908b00000)]
  0x000001d3216fd680 JavaThread "Monitor Deflation Thread" daemon [_thread_blocked, id=5496, stack(0x000000b908b00000,0x000000b908c00000)]
  0x000001d3216fe270 JavaThread "C2 CompilerThread0" daemon [_thread_in_native, id=20312, stack(0x000000b908c00000,0x000000b908d00000)]
  0x000001d3216feb70 JavaThread "C1 CompilerThread0" daemon [_thread_blocked, id=19240, stack(0x000000b908d00000,0x000000b908e00000)]
  0x000001d3216ff470 JavaThread "Sweeper thread" daemon [_thread_blocked, id=14176, stack(0x000000b908e00000,0x000000b908f00000)]
  0x000001d3216cb340 JavaThread "Common-Cleaner" daemon [_thread_blocked, id=17648, stack(0x000000b908f00000,0x000000b909000000)]
  0x000001d3223945b0 JavaThread "Notification Thread" daemon [_thread_blocked, id=8996, stack(0x000000b909000000,0x000000b909100000)]
  0x000001d32407c100 JavaThread "Daemon health stats" [_thread_blocked, id=22740, stack(0x000000b909900000,0x000000b909a00000)]
  0x000001d323f61460 JavaThread "Incoming local TCP Connector on port 52471" [_thread_in_native, id=7404, stack(0x000000b909a00000,0x000000b909b00000)]
  0x000001d324017980 JavaThread "Daemon periodic checks" [_thread_blocked, id=25324, stack(0x000000b909b00000,0x000000b909c00000)]
  0x000001d3241532a0 JavaThread "Cache worker for journal cache (C:\Users\charl\.gradle\caches\journal-1)" [_thread_blocked, id=23220, stack(0x000000b90a300000,0x000000b90a400000)]
  0x000001d3241545e0 JavaThread "File lock request listener" [_thread_in_native, id=25244, stack(0x000000b90a400000,0x000000b90a500000)]
  0x000001d324154f80 JavaThread "Cache worker for file hash cache (C:\Users\charl\.gradle\caches\8.13\fileHashes)" [_thread_blocked, id=17776, stack(0x000000b90a500000,0x000000b90a600000)]
  0x000001d324152900 JavaThread "Cache worker for file content cache (C:\Users\charl\.gradle\caches\8.13\fileContent)" [_thread_blocked, id=28060, stack(0x000000b90af00000,0x000000b90b000000)]
  0x000001d324152dd0 JavaThread "File watcher server" daemon [_thread_in_native, id=16700, stack(0x000000b90b000000,0x000000b90b100000)]
  0x000001d3268a5a20 JavaThread "File watcher consumer" daemon [_thread_blocked, id=17524, stack(0x000000b90b100000,0x000000b90b200000)]
  0x000001d32b3449e0 JavaThread "Memory manager" [_thread_blocked, id=4536, stack(0x000000b90d700000,0x000000b90d800000)]
  0x000001d32756fb00 JavaThread "ForkJoinPool.commonPool-worker-2" daemon [_thread_blocked, id=15756, stack(0x000000b910700000,0x000000b910800000)]
  0x000001d3275704a0 JavaThread "ForkJoinPool.commonPool-worker-3" daemon [_thread_blocked, id=15288, stack(0x000000b910800000,0x000000b910900000)]
  0x000001d327570970 JavaThread "ForkJoinPool.commonPool-worker-4" daemon [_thread_blocked, id=5572, stack(0x000000b910900000,0x000000b910a00000)]
  0x000001d32756cfb0 JavaThread "ForkJoinPool.commonPool-worker-5" daemon [_thread_blocked, id=14068, stack(0x000000b910a00000,0x000000b910b00000)]
  0x000001d327570e40 JavaThread "ForkJoinPool.commonPool-worker-6" daemon [_thread_blocked, id=7440, stack(0x000000b910b00000,0x000000b910c00000)]
  0x000001d327571310 JavaThread "ForkJoinPool.commonPool-worker-8" daemon [_thread_blocked, id=26140, stack(0x000000b910d00000,0x000000b910e00000)]
  0x000001d327572b20 JavaThread "ForkJoinPool.commonPool-worker-9" daemon [_thread_blocked, id=16784, stack(0x000000b910e00000,0x000000b910f00000)]
  0x000001d327571cb0 JavaThread "ForkJoinPool.commonPool-worker-10" daemon [_thread_blocked, id=27420, stack(0x000000b910f00000,0x000000b911000000)]
  0x000001d32ce41e30 JavaThread "RMI Scheduler(0)" daemon [_thread_blocked, id=10164, stack(0x000000b913600000,0x000000b913700000)]
  0x000001d32ce40fc0 JavaThread "RMI GC Daemon" daemon [_thread_blocked, id=7844, stack(0x000000b915400000,0x000000b915500000)]
  0x000001d32ce43640 JavaThread "RMI TCP Accept-0" daemon [_thread_in_native, id=10596, stack(0x000000b915500000,0x000000b915600000)]
  0x000001d32ce41490 JavaThread "RMI Reaper" [_thread_blocked, id=26172, stack(0x000000b915600000,0x000000b915700000)]
  0x000001d326594400 JavaThread "Cache worker for Java compile cache (C:\Users\charl\.gradle\caches\8.13\javaCompile)" [_thread_blocked, id=1736, stack(0x000000b90a600000,0x000000b90a700000)]
  0x000001d326aa3e70 JavaThread "Daemon Thread 2" [_thread_blocked, id=25820, stack(0x000000b907e00000,0x000000b907f00000)]
  0x000001d326aff960 JavaThread "Daemon worker Thread 2" [_thread_blocked, id=15904, stack(0x000000b909d00000,0x000000b909e00000)]
  0x000001d327b9e5e0 JavaThread "ForkJoinPool.commonPool-worker-12" daemon [_thread_blocked, id=20588, stack(0x000000b90f000000,0x000000b90f100000)]
  0x000001d326b00ca0 JavaThread "jar transforms" [_thread_blocked, id=12388, stack(0x000000b913f00000,0x000000b914000000)]
  0x000001d325d8b960 JavaThread "jar transforms Thread 2" [_thread_blocked, id=2488, stack(0x000000b914000000,0x000000b914100000)]
  0x000001d325d8a620 JavaThread "jar transforms Thread 3" [_thread_blocked, id=13968, stack(0x000000b914100000,0x000000b914200000)]
  0x000001d325d8b490 JavaThread "jar transforms Thread 4" [_thread_blocked, id=17216, stack(0x000000b914200000,0x000000b914300000)]
  0x000001d325d88e10 JavaThread "jar transforms Thread 5" [_thread_blocked, id=20032, stack(0x000000b914300000,0x000000b914400000)]
  0x000001d325d8aaf0 JavaThread "jar transforms Thread 6" [_thread_blocked, id=2868, stack(0x000000b914400000,0x000000b914500000)]
  0x000001d325d892e0 JavaThread "jar transforms Thread 7" [_thread_blocked, id=2728, stack(0x000000b914500000,0x000000b914600000)]
  0x000001d325d87fa0 JavaThread "jar transforms Thread 8" [_thread_blocked, id=19780, stack(0x000000b914600000,0x000000b914700000)]
  0x000001d32da2a330 JavaThread "jar transforms Thread 9" [_thread_blocked, id=18288, stack(0x000000b914700000,0x000000b914800000)]
  0x000001d32da2a800 JavaThread "jar transforms Thread 10" [_thread_blocked, id=3012, stack(0x000000b914800000,0x000000b914900000)]
  0x000001d32da27cb0 JavaThread "jar transforms Thread 11" [_thread_blocked, id=24604, stack(0x000000b914900000,0x000000b914a00000)]
  0x000001d32da28ff0 JavaThread "jar transforms Thread 12" [_thread_blocked, id=19416, stack(0x000000b914a00000,0x000000b914b00000)]
  0x000001d3262da1a0 JavaThread "Exec process" [_thread_in_native, id=18656, stack(0x000000b915800000,0x000000b915900000)]
  0x000001d3222403f0 JavaThread "Exec process Thread 5" [_thread_blocked, id=27584, stack(0x000000b915c00000,0x000000b915d00000)]
  0x000001d3262db4e0 JavaThread "Exec process Thread 19" [_thread_blocked, id=18312, stack(0x000000b917100000,0x000000b917200000)]
  0x000001d3262dc350 JavaThread "Exec process Thread 20" [_thread_blocked, id=12860, stack(0x000000b917200000,0x000000b917300000)]
  0x000001d331e2dd20 JavaThread "Exec process Thread 21" [_thread_in_native, id=27444, stack(0x000000b917400000,0x000000b917500000)]
  0x000001d323612a40 JavaThread "Exec process Thread 23" [_thread_blocked, id=25688, stack(0x000000b917700000,0x000000b917800000)]
  0x000001d323613d80 JavaThread "Exec process Thread 24" [_thread_in_native, id=22596, stack(0x000000b917800000,0x000000b917900000)]
  0x000001d330aec700 JavaThread "ForkJoinPool.commonPool-worker-13" daemon [_thread_blocked, id=24856, stack(0x000000b90f300000,0x000000b90f400000)]
  0x000001d32278bb70 JavaThread "ForkJoinPool.commonPool-worker-14" daemon [_thread_blocked, id=15028, stack(0x000000b911400000,0x000000b911500000)]
  0x000001d32278c040 JavaThread "RMI TCP Connection(idle)" daemon [_thread_blocked, id=25456, stack(0x000000b913d00000,0x000000b913e00000)]
  0x000001d32278c510 JavaThread "RMI TCP Connection(idle)" daemon [_thread_blocked, id=14988, stack(0x000000b913e00000,0x000000b913f00000)]
  0x000001d32278c9e0 JavaThread "RMI TCP Connection(idle)" daemon [_thread_blocked, id=24704, stack(0x000000b914b00000,0x000000b914c00000)]
  0x000001d326596f50 JavaThread "RMI TCP Connection(178)-127.0.0.1" daemon [_thread_in_native, id=3732, stack(0x000000b914e00000,0x000000b914f00000)]
  0x000001d32d3c4040 JavaThread "Handler for socket connection from /127.0.0.1:52471 to /127.0.0.1:52691" [_thread_in_native, id=7760, stack(0x000000b907c00000,0x000000b907d00000)]
  0x000001d32d3c4510 JavaThread "Cancel handler" [_thread_blocked, id=19484, stack(0x000000b907d00000,0x000000b907e00000)]
  0x000001d332060160 JavaThread "Asynchronous log dispatcher for DefaultDaemonConnection: socket connection from /127.0.0.1:52471 to /127.0.0.1:52691" [_thread_blocked, id=18160, stack(0x000000b909200000,0x000000b909300000)]
  0x000001d33205ee20 JavaThread "Stdin handler" [_thread_blocked, id=22356, stack(0x000000b909c00000,0x000000b909d00000)]
  0x000001d332060630 JavaThread "Daemon client event forwarder" [_thread_blocked, id=27112, stack(0x000000b909f00000,0x000000b90a000000)]
  0x000001d33205f2f0 JavaThread "Cache worker for file hash cache (C:\Users\charl\OneDrive\Bureau\hexaphore\.gradle\8.13\fileHashes)" [_thread_blocked, id=8132, stack(0x000000b90a000000,0x000000b90a100000)]
  0x000001d33205fc90 JavaThread "Cache worker for checksums cache (C:\Users\charl\OneDrive\Bureau\hexaphore\.gradle\8.13\checksums)" [_thread_blocked, id=21620, stack(0x000000b90a100000,0x000000b90a200000)]
  0x000001d33205f7c0 JavaThread "Cache worker for Build Output Cleanup Cache (C:\Users\charl\OneDrive\Bureau\hexaphore\.gradle\buildOutputCleanup)" [_thread_blocked, id=16124, stack(0x000000b90a200000,0x000000b90a300000)]
  0x000001d32ff9abc0 JavaThread "build event listener" [_thread_blocked, id=24232, stack(0x000000b90ae00000,0x000000b90af00000)]
  0x000001d32ff9ba30 JavaThread "Build operations" [_thread_blocked, id=20428, stack(0x000000b90b200000,0x000000b90b300000)]
  0x000001d32ff9b090 JavaThread "Build operations Thread 2" [_thread_blocked, id=5648, stack(0x000000b90b300000,0x000000b90b400000)]
  0x000001d32ff9b560 JavaThread "Build operations Thread 3" [_thread_blocked, id=13868, stack(0x000000b90b400000,0x000000b90b500000)]
  0x000001d325d8a150 JavaThread "Build operations Thread 4" [_thread_blocked, id=25948, stack(0x000000b90b500000,0x000000b90b600000)]
  0x000001d325d88940 JavaThread "Build operations Thread 5" [_thread_blocked, id=20700, stack(0x000000b90b700000,0x000000b90b800000)]
  0x000001d326b00300 JavaThread "Build operations Thread 6" [_thread_blocked, id=22728, stack(0x000000b90b800000,0x000000b90b900000)]
  0x000001d3354f72c0 JavaThread "Build operations Thread 7" [_thread_blocked, id=28584, stack(0x000000b90b900000,0x000000b90ba00000)]
  0x000001d3354f9940 JavaThread "Build operations Thread 8" [_thread_blocked, id=28520, stack(0x000000b90ba00000,0x000000b90bb00000)]
  0x000001d3354f8600 JavaThread "Build operations Thread 9" [_thread_blocked, id=22404, stack(0x000000b90bb00000,0x000000b90bc00000)]
  0x000001d3354fac80 JavaThread "Build operations Thread 10" [_thread_blocked, id=5136, stack(0x000000b90bc00000,0x000000b90bd00000)]
  0x000001d3354f9e10 JavaThread "Build operations Thread 11" [_thread_blocked, id=25952, stack(0x000000b90bd00000,0x000000b90be00000)]
  0x000001d3229c57a0 JavaThread "Cache worker for Build Output Cleanup Cache (C:\Users\charl\OneDrive\Bureau\hexaphore\build-logic\.gradle\buildOutputCleanup)" [_thread_blocked, id=20232, stack(0x000000b90ad00000,0x000000b90ae00000)]
  0x000001d3229c6610 JavaThread "build event listener" [_thread_blocked, id=14432, stack(0x000000b90bf00000,0x000000b90c000000)]
  0x000001d3229c6ae0 JavaThread "build event listener" [_thread_blocked, id=22732, stack(0x000000b90c000000,0x000000b90c100000)]
  0x000001d3229c82f0 JavaThread "Build operations Thread 12" [_thread_blocked, id=28472, stack(0x000000b90c100000,0x000000b90c200000)]
  0x000001d32ff9cd70 JavaThread "included builds" [_thread_blocked, id=28360, stack(0x000000b90b600000,0x000000b90b700000)]
  0x000001d32ff9c8a0 JavaThread "included builds Thread 2" [_thread_blocked, id=2376, stack(0x000000b90c200000,0x000000b90c300000)]
  0x000001d323615a60 JavaThread "Execution worker" [_thread_in_native, id=10444, stack(0x000000b90c300000,0x000000b90c400000)]
  0x000001d323615590 JavaThread "Execution worker Thread 2" [_thread_blocked, id=28408, stack(0x000000b90c400000,0x000000b90c500000)]
  0x000001d3236120a0 JavaThread "Execution worker Thread 3" [_thread_blocked, id=21704, stack(0x000000b90c500000,0x000000b90c600000)]
  0x000001d323614250 JavaThread "Execution worker Thread 4" [_thread_blocked, id=5480, stack(0x000000b90c600000,0x000000b90c700000)]
  0x000001d3236138b0 JavaThread "Execution worker Thread 5" [_thread_blocked, id=10268, stack(0x000000b90c700000,0x000000b90c800000)]
  0x000001d323614bf0 JavaThread "Execution worker Thread 6" [_thread_blocked, id=26576, stack(0x000000b90c800000,0x000000b90c900000)]
  0x000001d3236150c0 JavaThread "Execution worker Thread 7" [_thread_blocked, id=28344, stack(0x000000b90c900000,0x000000b90ca00000)]
  0x000001d323612570 JavaThread "Execution worker Thread 8" [_thread_blocked, id=5124, stack(0x000000b90ca00000,0x000000b90cb00000)]
  0x000001d3262dbe80 JavaThread "Execution worker Thread 9" [_thread_blocked, id=17612, stack(0x000000b90cb00000,0x000000b90cc00000)]
  0x000001d3262d9330 JavaThread "Execution worker Thread 10" [_thread_blocked, id=25152, stack(0x000000b90cc00000,0x000000b90cd00000)]
  0x000001d3262dc820 JavaThread "Execution worker Thread 11" [_thread_blocked, id=25032, stack(0x000000b90cd00000,0x000000b90ce00000)]
  0x000001d32ff9bf00 JavaThread "Cache worker for execution history cache (C:\Users\charl\OneDrive\Bureau\hexaphore\build-logic\.gradle\8.13\executionHistory)" [_thread_blocked, id=9920, stack(0x000000b90ce00000,0x000000b90cf00000)]
  0x000001d32fdf21a0 JavaThread "Cache worker for execution history cache (C:\Users\charl\OneDrive\Bureau\hexaphore\.gradle\8.13\executionHistory)" [_thread_blocked, id=20436, stack(0x000000b90cf00000,0x000000b90d000000)]
  0x000001d32278b6a0 JavaThread "Unconstrained build operations" [_thread_blocked, id=25440, stack(0x000000b90d000000,0x000000b90d100000)]
  0x000001d32278ceb0 JavaThread "Unconstrained build operations Thread 2" [_thread_blocked, id=21508, stack(0x000000b90d100000,0x000000b90d200000)]
  0x000001d32278d380 JavaThread "WorkerExecutor Queue" [_thread_in_native, id=17688, stack(0x000000b90d200000,0x000000b90d300000)]
  0x000001d3229c5c70 JavaThread "Unconstrained build operations Thread 3" [_thread_blocked, id=1484, stack(0x000000b90d300000,0x000000b90d400000)]
  0x000001d32ff9c3d0 JavaThread "Unconstrained build operations Thread 4" [_thread_blocked, id=19744, stack(0x000000b90d400000,0x000000b90d500000)]
  0x000001d32ff99d50 JavaThread "Unconstrained build operations Thread 5" [_thread_blocked, id=10636, stack(0x000000b90d500000,0x000000b90d600000)]
  0x000001d32ff9a220 JavaThread "Unconstrained build operations Thread 6" [_thread_blocked, id=10904, stack(0x000000b90d600000,0x000000b90d700000)]
  0x000001d32ff9a6f0 JavaThread "Unconstrained build operations Thread 7" [_thread_blocked, id=21720, stack(0x000000b90d800000,0x000000b90d900000)]
  0x000001d3229c6fb0 JavaThread "Unconstrained build operations Thread 8" [_thread_blocked, id=27596, stack(0x000000b90d900000,0x000000b90da00000)]
  0x000001d32ff9d710 JavaThread "Unconstrained build operations Thread 9" [_thread_blocked, id=25084, stack(0x000000b90da00000,0x000000b90db00000)]
  0x000001d3229c7480 JavaThread "Unconstrained build operations Thread 10" [_thread_blocked, id=22684, stack(0x000000b90db00000,0x000000b90dc00000)]
  0x000001d32d61a4e0 JavaThread "Unconstrained build operations Thread 11" [_thread_blocked, id=12276, stack(0x000000b90dc00000,0x000000b90dd00000)]
  0x000001d3229c4930 JavaThread "Unconstrained build operations Thread 12" [_thread_blocked, id=10632, stack(0x000000b90dd00000,0x000000b90de00000)]
  0x000001d32d618330 JavaThread "Unconstrained build operations Thread 13" [_thread_blocked, id=10628, stack(0x000000b90de00000,0x000000b90df00000)]
  0x000001d3229c52d0 JavaThread "Unconstrained build operations Thread 14" [_thread_blocked, id=7576, stack(0x000000b90df00000,0x000000b90e000000)]
  0x000001d32d617e60 JavaThread "Unconstrained build operations Thread 15" [_thread_blocked, id=19876, stack(0x000000b90e000000,0x000000b90e100000)]
  0x000001d32d618cd0 JavaThread "Unconstrained build operations Thread 16" [_thread_blocked, id=4084, stack(0x000000b90e100000,0x000000b90e200000)]
  0x000001d32da28180 JavaThread "Unconstrained build operations Thread 17" [_thread_blocked, id=25800, stack(0x000000b90e200000,0x000000b90e300000)]
  0x000001d32da28650 JavaThread "Unconstrained build operations Thread 18" [_thread_blocked, id=26936, stack(0x000000b90e300000,0x000000b90e400000)]
  0x000001d330aeaef0 JavaThread "Unconstrained build operations Thread 19" [_thread_blocked, id=18524, stack(0x000000b90e400000,0x000000b90e500000)]
  0x000001d330aeb3c0 JavaThread "Unconstrained build operations Thread 20" [_thread_blocked, id=24960, stack(0x000000b90e500000,0x000000b90e600000)]
  0x000001d3349d4d80 JavaThread "Unconstrained build operations Thread 21" [_thread_blocked, id=24064, stack(0x000000b90e600000,0x000000b90e700000)]
  0x000001d3349d3f10 JavaThread "Unconstrained build operations Thread 22" [_thread_blocked, id=10968, stack(0x000000b90e700000,0x000000b90e800000)]
  0x000001d3349d5250 JavaThread "Unconstrained build operations Thread 23" [_thread_blocked, id=9312, stack(0x000000b90e800000,0x000000b90e900000)]
  0x000001d3349d7400 JavaThread "Unconstrained build operations Thread 24" [_thread_blocked, id=25920, stack(0x000000b90e900000,0x000000b90ea00000)]
  0x000001d3349d60c0 JavaThread "Unconstrained build operations Thread 25" [_thread_blocked, id=6972, stack(0x000000b90ea00000,0x000000b90eb00000)]
  0x000001d3349d78d0 JavaThread "Unconstrained build operations Thread 26" [_thread_blocked, id=22024, stack(0x000000b90eb00000,0x000000b90ec00000)]
  0x000001d3349d43e0 JavaThread "Unconstrained build operations Thread 27" [_thread_blocked, id=21932, stack(0x000000b90ec00000,0x000000b90ed00000)]
  0x000001d32278d850 JavaThread "Unconstrained build operations Thread 28" [_thread_blocked, id=10452, stack(0x000000b90ed00000,0x000000b90ee00000)]
  0x000001d32278dd20 JavaThread "Unconstrained build operations Thread 29" [_thread_blocked, id=5048, stack(0x000000b90ee00000,0x000000b90ef00000)]
  0x000001d3262dccf0 JavaThread "Unconstrained build operations Thread 30" [_thread_blocked, id=18688, stack(0x000000b90ef00000,0x000000b90f000000)]
  0x000001d32278a830 JavaThread "Unconstrained build operations Thread 31" [_thread_blocked, id=28500, stack(0x000000b90f200000,0x000000b90f300000)]
  0x000001d32278e1f0 JavaThread "Unconstrained build operations Thread 32" [_thread_blocked, id=10576, stack(0x000000b90f500000,0x000000b90f600000)]
  0x000001d3262d9cd0 JavaThread "Unconstrained build operations Thread 33" [_thread_blocked, id=11748, stack(0x000000b90f600000,0x000000b90f700000)]
  0x000001d32278ad00 JavaThread "Unconstrained build operations Thread 34" [_thread_blocked, id=12128, stack(0x000000b90f700000,0x000000b90f800000)]
  0x000001d32278b1d0 JavaThread "Unconstrained build operations Thread 35" [_thread_blocked, id=25768, stack(0x000000b90f800000,0x000000b90f900000)]
  0x000001d3317d3d00 JavaThread "Unconstrained build operations Thread 38" [_thread_blocked, id=20824, stack(0x000000b90f900000,0x000000b90fa00000)]
  0x000001d3262d9800 JavaThread "Unconstrained build operations Thread 36" [_thread_blocked, id=9632, stack(0x000000b90fa00000,0x000000b90fb00000)]
  0x000001d3262da670 JavaThread "Unconstrained build operations Thread 40" [_thread_blocked, id=26132, stack(0x000000b90fb00000,0x000000b90fc00000)]
  0x000001d3317d3830 JavaThread "Unconstrained build operations Thread 39" [_thread_blocked, id=17464, stack(0x000000b90fc00000,0x000000b90fd00000)]
  0x000001d32da2b1a0 JavaThread "Unconstrained build operations Thread 41" [_thread_blocked, id=16048, stack(0x000000b90fd00000,0x000000b90fe00000)]
  0x000001d3262dab40 JavaThread "Unconstrained build operations Thread 42" [_thread_blocked, id=11424, stack(0x000000b90fe00000,0x000000b90ff00000)]
  0x000001d3225ad000 JavaThread "Unconstrained build operations Thread 43" [_thread_blocked, id=15368, stack(0x000000b90ff00000,0x000000b910000000)]
  0x000001d3262db9b0 JavaThread "Unconstrained build operations Thread 44" [_thread_blocked, id=12244, stack(0x000000b910000000,0x000000b910100000)]
  0x000001d3225ade70 JavaThread "Unconstrained build operations Thread 46" [_thread_blocked, id=16912, stack(0x000000b910100000,0x000000b910200000)]
  0x000001d32d1922c0 JavaThread "Unconstrained build operations Thread 37" [_thread_blocked, id=8076, stack(0x000000b910200000,0x000000b910300000)]
  0x000001d328e54a80 JavaThread "Unconstrained build operations Thread 47" [_thread_blocked, id=11096, stack(0x000000b910300000,0x000000b910400000)]
  0x000001d32da294c0 JavaThread "Unconstrained build operations Thread 45" [_thread_blocked, id=24444, stack(0x000000b910400000,0x000000b910500000)]
  0x000001d32d61a010 JavaThread "Unconstrained build operations Thread 48" [_thread_blocked, id=15956, stack(0x000000b910500000,0x000000b910600000)]
  0x000001d32da29e60 JavaThread "Unconstrained build operations Thread 50" [_thread_blocked, id=17872, stack(0x000000b910600000,0x000000b910700000)]
  0x000001d32223fa50 JavaThread "Unconstrained build operations Thread 49" [_thread_blocked, id=12448, stack(0x000000b910c00000,0x000000b910d00000)]
  0x000001d32da29990 JavaThread "Unconstrained build operations Thread 51" [_thread_blocked, id=20176, stack(0x000000b911000000,0x000000b911100000)]
  0x000001d32223ff20 JavaThread "Unconstrained build operations Thread 52" [_thread_blocked, id=24464, stack(0x000000b911100000,0x000000b911200000)]
  0x000001d3222408c0 JavaThread "Unconstrained build operations Thread 54" [_thread_blocked, id=4152, stack(0x000000b911200000,0x000000b911300000)]
  0x000001d32da2acd0 JavaThread "Unconstrained build operations Thread 53" [_thread_blocked, id=13000, stack(0x000000b911300000,0x000000b911400000)]
  0x000001d322241260 JavaThread "Unconstrained build operations Thread 55" [_thread_blocked, id=4172, stack(0x000000b911500000,0x000000b911600000)]
  0x000001d32da28b20 JavaThread "Unconstrained build operations Thread 56" [_thread_blocked, id=11864, stack(0x000000b911600000,0x000000b911700000)]
  0x000001d3222420d0 JavaThread "Unconstrained build operations Thread 57" [_thread_blocked, id=3424, stack(0x000000b911700000,0x000000b911800000)]
  0x000001d32da277e0 JavaThread "Unconstrained build operations Thread 58" [_thread_blocked, id=17152, stack(0x000000b911800000,0x000000b911900000)]
  0x000001d322240d90 JavaThread "Unconstrained build operations Thread 59" [_thread_blocked, id=6092, stack(0x000000b911900000,0x000000b911a00000)]
  0x000001d322241730 JavaThread "Unconstrained build operations Thread 60" [_thread_blocked, id=25228, stack(0x000000b911a00000,0x000000b911b00000)]
  0x000001d32223ebe0 JavaThread "Unconstrained build operations Thread 61" [_thread_blocked, id=13084, stack(0x000000b911b00000,0x000000b911c00000)]
  0x000001d32223f580 JavaThread "Unconstrained build operations Thread 62" [_thread_blocked, id=12816, stack(0x000000b911c00000,0x000000b911d00000)]
  0x000001d322241c00 JavaThread "Unconstrained build operations Thread 63" [_thread_blocked, id=1684, stack(0x000000b911d00000,0x000000b911e00000)]
  0x000001d3267caa40 JavaThread "Unconstrained build operations Thread 64" [_thread_blocked, id=15820, stack(0x000000b911e00000,0x000000b911f00000)]
  0x000001d3222425a0 JavaThread "Incoming local TCP Connector on port 52694" [_thread_blocked, id=13224, stack(0x000000b911f00000,0x000000b912000000)]
  0x000001d328e51f30 JavaThread "Unconstrained build operations Thread 65" [_thread_blocked, id=10924, stack(0x000000b912000000,0x000000b912100000)]
  0x000001d328e52da0 JavaThread "Unconstrained build operations Thread 66" [_thread_blocked, id=25052, stack(0x000000b912100000,0x000000b912200000)]
  0x000001d328e52400 JavaThread "Unconstrained build operations Thread 67" [_thread_blocked, id=13860, stack(0x000000b912200000,0x000000b912300000)]
  0x000001d328e53c10 JavaThread "Unconstrained build operations Thread 68" [_thread_blocked, id=28008, stack(0x000000b912300000,0x000000b912400000)]
  0x000001d328e53270 JavaThread "Unconstrained build operations Thread 69" [_thread_blocked, id=8332, stack(0x000000b912400000,0x000000b912500000)]
  0x000001d328e53740 JavaThread "Unconstrained build operations Thread 70" [_thread_blocked, id=14544, stack(0x000000b912500000,0x000000b912600000)]
  0x000001d328e528d0 JavaThread "Unconstrained build operations Thread 71" [_thread_blocked, id=3172, stack(0x000000b912600000,0x000000b912700000)]
  0x000001d328e54f50 JavaThread "Unconstrained build operations Thread 72" [_thread_blocked, id=2688, stack(0x000000b912700000,0x000000b912800000)]
  0x000001d3225ae340 JavaThread "Unconstrained build operations Thread 73" [_thread_blocked, id=26404, stack(0x000000b912800000,0x000000b912900000)]
  0x000001d3225ad4d0 JavaThread "Unconstrained build operations Thread 74" [_thread_blocked, id=20048, stack(0x000000b912900000,0x000000b912a00000)]
  0x000001d3225ae810 JavaThread "Unconstrained build operations Thread 75" [_thread_blocked, id=23732, stack(0x000000b912a00000,0x000000b912b00000)]
  0x000001d3225b09c0 JavaThread "Unconstrained build operations Thread 76" [_thread_blocked, id=6068, stack(0x000000b912b00000,0x000000b912c00000)]
  0x000001d3225afb50 JavaThread "Unconstrained build operations Thread 77" [_thread_blocked, id=13036, stack(0x000000b912c00000,0x000000b912d00000)]
  0x000001d3225aece0 JavaThread "Unconstrained build operations Thread 78" [_thread_blocked, id=16672, stack(0x000000b912d00000,0x000000b912e00000)]
  0x000001d3225ad9a0 JavaThread "Unconstrained build operations Thread 79" [_thread_blocked, id=14236, stack(0x000000b912e00000,0x000000b912f00000)]
  0x000001d3225b04f0 JavaThread "Unconstrained build operations Thread 80" [_thread_blocked, id=13580, stack(0x000000b912f00000,0x000000b913000000)]
  0x000001d3267caf10 JavaThread "Unconstrained build operations Thread 81" [_thread_blocked, id=4020, stack(0x000000b913000000,0x000000b913100000)]
  0x000001d3267cda60 JavaThread "Unconstrained build operations Thread 82" [_thread_blocked, id=27008, stack(0x000000b913100000,0x000000b913200000)]
  0x000001d32d3c36a0 JavaThread "Unconstrained build operations Thread 83" [_thread_blocked, id=19848, stack(0x000000b913300000,0x000000b913400000)]
  0x000001d3355d7d10 JavaThread "Unconstrained build operations Thread 84" [_thread_blocked, id=28404, stack(0x000000b913400000,0x000000b913500000)]
  0x000001d3355d9050 JavaThread "Unconstrained build operations Thread 85" [_thread_blocked, id=27256, stack(0x000000b913500000,0x000000b913600000)]
  0x000001d3355d81e0 JavaThread "Unconstrained build operations Thread 86" [_thread_blocked, id=2464, stack(0x000000b913700000,0x000000b913800000)]
  0x000001d3355d7840 JavaThread "Unconstrained build operations Thread 87" [_thread_blocked, id=14504, stack(0x000000b913800000,0x000000b913900000)]
  0x000001d328e540e0 JavaThread "Unconstrained build operations Thread 88" [_thread_blocked, id=6260, stack(0x000000b913900000,0x000000b913a00000)]
  0x000001d3355d86b0 JavaThread "Unconstrained build operations Thread 89" [_thread_blocked, id=23596, stack(0x000000b913a00000,0x000000b913b00000)]
  0x000001d3267cd0c0 JavaThread "Unconstrained build operations Thread 90" [_thread_blocked, id=12376, stack(0x000000b913b00000,0x000000b913c00000)]
  0x000001d3267cb3e0 JavaThread "Unconstrained build operations Thread 91" [_thread_blocked, id=27972, stack(0x000000b913c00000,0x000000b913d00000)]
  0x000001d3267cb8b0 JavaThread "Unconstrained build operations Thread 92" [_thread_blocked, id=24228, stack(0x000000b914c00000,0x000000b914d00000)]
  0x000001d3267cdf30 JavaThread "Unconstrained build operations Thread 93" [_thread_blocked, id=9004, stack(0x000000b914d00000,0x000000b914e00000)]
  0x000001d326aa3000 JavaThread "Unconstrained build operations Thread 94" [_thread_blocked, id=16612, stack(0x000000b914f00000,0x000000b915000000)]
  0x000001d326aa4340 JavaThread "Unconstrained build operations Thread 95" [_thread_blocked, id=12024, stack(0x000000b915000000,0x000000b915100000)]
  0x000001d331d890b0 JavaThread "Unconstrained build operations Thread 96" [_thread_blocked, id=27732, stack(0x000000b915100000,0x000000b915200000)]
  0x000001d331d89580 JavaThread "Unconstrained build operations Thread 97" [_thread_blocked, id=25916, stack(0x000000b915200000,0x000000b915300000)]
  0x000001d331d88be0 JavaThread "Unconstrained build operations Thread 98" [_thread_blocked, id=14856, stack(0x000000b915300000,0x000000b915400000)]
  0x000001d331d8b730 JavaThread "Unconstrained build operations Thread 99" [_thread_blocked, id=23828, stack(0x000000b915700000,0x000000b915800000)]
  0x000001d331d87d70 JavaThread "Unconstrained build operations Thread 100" [_thread_blocked, id=2380, stack(0x000000b915d00000,0x000000b915e00000)]
  0x000001d331d88710 JavaThread "Unconstrained build operations Thread 101" [_thread_blocked, id=25616, stack(0x000000b915e00000,0x000000b915f00000)]
  0x000001d331d88240 JavaThread "Unconstrained build operations Thread 102" [_thread_blocked, id=15128, stack(0x000000b916300000,0x000000b916400000)]
  0x000001d331d89a50 JavaThread "Unconstrained build operations Thread 103" [_thread_blocked, id=15616, stack(0x000000b916700000,0x000000b916800000)]
  0x000001d3354f7790 JavaThread "Unconstrained build operations Thread 104" [_thread_blocked, id=19332, stack(0x000000b916b00000,0x000000b916c00000)]
  0x000001d331d8ad90 JavaThread "Unconstrained build operations Thread 105" [_thread_blocked, id=11280, stack(0x000000b916f00000,0x000000b917000000)]
  0x000001d32ff9d240 JavaThread "Unconstrained build operations Thread 106" [_thread_blocked, id=21588, stack(0x000000b917300000,0x000000b917400000)]
  0x000001d327b9dc40 JavaThread "Unconstrained build operations Thread 107" [_thread_blocked, id=26544, stack(0x000000b917500000,0x000000b917600000)]
  0x000001d327b9d2a0 JavaThread "Unconstrained build operations Thread 108" [_thread_blocked, id=27708, stack(0x000000b917900000,0x000000b917a00000)]
  0x000001d327b9d770 JavaThread "Unconstrained build operations Thread 109" [_thread_blocked, id=7152, stack(0x000000b917a00000,0x000000b917b00000)]
  0x000001d327b9e110 JavaThread "Unconstrained build operations Thread 110" [_thread_blocked, id=14676, stack(0x000000b917b00000,0x000000b917c00000)]
  0x000001d327b9c900 JavaThread "Unconstrained build operations Thread 111" [_thread_blocked, id=19956, stack(0x000000b917e00000,0x000000b917f00000)]
  0x000001d327b9eab0 JavaThread "Unconstrained build operations Thread 112" [_thread_blocked, id=26220, stack(0x000000b917f00000,0x000000b918000000)]
  0x000001d327b9ef80 JavaThread "Unconstrained build operations Thread 113" [_thread_blocked, id=21992, stack(0x000000b918000000,0x000000b918100000)]
  0x000001d327b9f450 JavaThread "Unconstrained build operations Thread 114" [_thread_blocked, id=9580, stack(0x000000b918100000,0x000000b918200000)]
  0x000001d327b9c430 JavaThread "Unconstrained build operations Thread 115" [_thread_blocked, id=1208, stack(0x000000b918200000,0x000000b918300000)]
  0x000001d32fdf0990 JavaThread "Unconstrained build operations Thread 116" [_thread_blocked, id=13136, stack(0x000000b918300000,0x000000b918400000)]
  0x000001d32fdf0e60 JavaThread "Unconstrained build operations Thread 117" [_thread_blocked, id=13456, stack(0x000000b918400000,0x000000b918500000)]
  0x000001d32fdf1cd0 JavaThread "Unconstrained build operations Thread 118" [_thread_blocked, id=23248, stack(0x000000b918500000,0x000000b918600000)]
  0x000001d328e545b0 JavaThread "Unconstrained build operations Thread 119" [_thread_blocked, id=26356, stack(0x000000b918600000,0x000000b918700000)]
  0x000001d3355d8b80 JavaThread "Unconstrained build operations Thread 120" [_thread_blocked, id=22168, stack(0x000000b918700000,0x000000b918800000)]
  0x000001d32d619670 JavaThread "WorkerExecutor Queue Thread 2" [_thread_blocked, id=24404, stack(0x000000b913200000,0x000000b913300000)]
  0x000001d330168bb0 JavaThread "WorkerExecutor Queue Thread 3" [_thread_in_native, id=25312, stack(0x000000b918a00000,0x000000b918b00000)]
  0x000001d3225af1b0 JavaThread "WorkerExecutor Queue Thread 4" [_thread_in_native, id=5584, stack(0x000000b918b00000,0x000000b918c00000)]
  0x000001d32d6191a0 JavaThread "WorkerExecutor Queue Thread 5" [_thread_in_native, id=15276, stack(0x000000b918c00000,0x000000b918d00000)]
  0x000001d3345afc80 JavaThread "/127.0.0.1:52694 to /127.0.0.1:52695 workers" [_thread_blocked, id=11492, stack(0x000000b918d00000,0x000000b918e00000)]
  0x000001d3225af680 JavaThread "/127.0.0.1:52694 to /127.0.0.1:52695 workers Thread 2" [_thread_blocked, id=7352, stack(0x000000b918e00000,0x000000b918f00000)]
  0x000001d3267ccbf0 JavaThread "/127.0.0.1:52694 to /127.0.0.1:52695 workers Thread 3" [_thread_blocked, id=28196, stack(0x000000b918f00000,0x000000b919000000)]
  0x000001d330166a00 JavaThread "/127.0.0.1:52694 to /127.0.0.1:52695 workers Thread 4" [_thread_blocked, id=8316, stack(0x000000b919000000,0x000000b919100000)]
  0x000001d3301686e0 JavaThread "/127.0.0.1:52694 to /127.0.0.1:52695 workers Thread 5" [_thread_in_native, id=6052, stack(0x000000b919100000,0x000000b919200000)]
  0x000001d3345b0620 JavaThread "WorkerExecutor Queue Thread 6" [_thread_in_native, id=27652, stack(0x000000b919200000,0x000000b919300000)]
  0x000001d3345b0af0 JavaThread "WorkerExecutor Queue Thread 7" [_thread_in_native, id=17720, stack(0x000000b919300000,0x000000b919400000)]
  0x000001d328e51a60 JavaThread "WorkerExecutor Queue Thread 8" [_thread_in_native, id=9316, stack(0x000000b919400000,0x000000b919500000)]
  0x000001d3349d48b0 JavaThread "WorkerExecutor Queue Thread 9" [_thread_in_native, id=16732, stack(0x000000b919500000,0x000000b919600000)]
  0x000001d3354f8130 JavaThread "WorkerExecutor Queue Thread 10" [_thread_in_Java, id=22316, stack(0x000000b919600000,0x000000b919700000)]
  0x000001d3345b0fc0 JavaThread "WorkerExecutor Queue Thread 11" [_thread_blocked, id=8312, stack(0x000000b919700000,0x000000b919800000)]
  0x000001d331d89f20 JavaThread "WorkerExecutor Queue Thread 12" [_thread_in_native, id=26044, stack(0x000000b919800000,0x000000b919900000)]
  0x000001d327b9f920 JavaThread "RMI TCP Connection(179)-127.0.0.1" daemon [_thread_in_native, id=9800, stack(0x000000b91a700000,0x000000b91a800000)]
  0x000001d327b9bf60 JavaThread "RMI TCP Connection(idle)" daemon [_thread_blocked, id=1624, stack(0x000000b91a900000,0x000000b91aa00000)]
  0x000001d3285a2950 JavaThread "RMI TCP Connection(175)-127.0.0.1" daemon [_thread_in_native, id=12780, stack(0x000000b91ab00000,0x000000b91ac00000)]
  0x000001d326595c10 JavaThread "pool-9-thread-1" [_thread_blocked, id=16376, stack(0x000000b91ac00000,0x000000b91ad00000)]
  0x000001d3354f8fa0 JavaThread "stderr" [_thread_in_native, id=23384, stack(0x000000b91ad00000,0x000000b91ae00000)]
  0x000001d3354fa7b0 JavaThread "stdout" [_thread_in_native, id=16000, stack(0x000000b91ae00000,0x000000b91af00000)]
  0x000001d331d8b260 JavaThread "RMI TCP Connection(idle)" daemon [_thread_blocked, id=12944, stack(0x000000b91b000000,0x000000b91b100000)]
  0x000001d3267cc720 JavaThread "Java2D Disposer" daemon [_thread_blocked, id=11716, stack(0x000000b91b100000,0x000000b91b200000)]
  0x000001d3267ce400 JavaThread "AWT-Windows" daemon [_thread_in_native, id=12196, stack(0x000000b91b300000,0x000000b91b400000)]
  0x000001d331e2fed0 JavaThread "RMI TCP Connection(174)-127.0.0.1" daemon [_thread_in_native, id=14744, stack(0x000000b91b500000,0x000000b91b600000)]
  0x000001d331e2fa00 JavaThread "RMI TCP Connection(169)-127.0.0.1" daemon [_thread_in_native, id=16952, stack(0x000000b91b700000,0x000000b91b800000)]
  0x000001d331d8a3f0 JavaThread "RMI TCP Connection(idle)" daemon [_thread_blocked, id=1416, stack(0x000000b91bb00000,0x000000b91bc00000)]
  0x000001d3420462c0 JavaThread "DefaultDispatcher-worker-1" daemon [_thread_blocked, id=19732, stack(0x000000b91b200000,0x000000b91b300000)]
  0x000001d338eeb490 JavaThread "DefaultDispatcher-worker-2" daemon [_thread_blocked, id=6112, stack(0x000000b91b800000,0x000000b91b900000)]
  0x000001d330169a20 JavaThread "DefaultDispatcher-worker-3" daemon [_thread_blocked, id=27144, stack(0x000000b91bc00000,0x000000b91bd00000)]
  0x000001d3265948d0 JavaThread "DefaultDispatcher-worker-4" daemon [_thread_blocked, id=27120, stack(0x000000b91bd00000,0x000000b91be00000)]
  0x000001d323612f10 JavaThread "DefaultDispatcher-worker-5" daemon [_thread_blocked, id=4616, stack(0x000000b91be00000,0x000000b91bf00000)]
  0x000001d326596a80 JavaThread "RMI TCP Connection(180)-127.0.0.1" daemon [_thread_in_native, id=18404, stack(0x000000b91c000000,0x000000b91c100000)]
  0x000001d3349d5bf0 JavaThread "DefaultDispatcher-worker-6" daemon [_thread_blocked, id=18376, stack(0x000000b919900000,0x000000b919a00000)]
  0x000001d32b405610 JavaThread "DefaultDispatcher-worker-7" daemon [_thread_blocked, id=9120, stack(0x000000b919a00000,0x000000b919b00000)]
  0x000001d3354f7c60 JavaThread "DefaultDispatcher-worker-8" daemon [_thread_blocked, id=22440, stack(0x000000b919b00000,0x000000b919c00000)]
  0x000001d331d8a8c0 JavaThread "DefaultDispatcher-worker-9" daemon [_thread_blocked, id=10200, stack(0x000000b919c00000,0x000000b919d00000)]
  0x000001d342046c60 JavaThread "DefaultDispatcher-worker-10" daemon [_thread_blocked, id=1980, stack(0x000000b919d00000,0x000000b919e00000)]
  0x000001d3345b2ca0 JavaThread "DefaultDispatcher-worker-11" daemon [_thread_blocked, id=16164, stack(0x000000b919e00000,0x000000b919f00000)]
  0x000001d326598760 JavaThread "DefaultDispatcher-worker-12" daemon [_thread_blocked, id=17624, stack(0x000000b919f00000,0x000000b91a000000)]
  0x000001d32278a190 JavaThread "C2 CompilerThread1" daemon [_thread_in_native, id=14396, stack(0x000000b90a700000,0x000000b90a800000)]
=>0x000001d322787e20 JavaThread "C2 CompilerThread2" daemon [_thread_in_native, id=14996, stack(0x000000b90be00000,0x000000b90bf00000)]
  0x000001d326594da0 JavaThread "RMI TCP Connection(idle)" daemon [_thread_blocked, id=4140, stack(0x000000b91a100000,0x000000b91a200000)]
  0x000001d331e303a0 JavaThread "RMI TCP Connection(idle)" daemon [_thread_blocked, id=24720, stack(0x000000b91a300000,0x000000b91a400000)]
  0x000001d326aa39a0 JavaThread "RMI TCP Connection(idle)" daemon [_thread_blocked, id=16324, stack(0x000000b91a500000,0x000000b91a600000)]
  0x000001d32d788860 JavaThread "RMI TCP Connection(177)-127.0.0.1" daemon [_thread_in_native, id=7456, stack(0x000000b91a800000,0x000000b91a900000)]
  0x000001d330169550 JavaThread "RMI TCP Connection(176)-127.0.0.1" daemon [_thread_in_native, id=12992, stack(0x000000b91af00000,0x000000b91b000000)]
  0x000001d330166ed0 JavaThread "RMI TCP Connection(189)-127.0.0.1" daemon [_thread_in_native, id=24824, stack(0x000000b91b900000,0x000000b91ba00000)]
  0x000001d330167d40 JavaThread "stderr" [_thread_in_native, id=4812, stack(0x000000b91ba00000,0x000000b91bb00000)]
  0x000001d3301673a0 JavaThread "stdout" [_thread_in_native, id=7052, stack(0x000000b91c100000,0x000000b91c200000)]
  0x000001d3354f8ad0 JavaThread "RMI TCP Connection(idle)" daemon [_thread_blocked, id=24100, stack(0x000000b91c300000,0x000000b91c400000)]
  0x000001d330167870 JavaThread "RMI TCP Connection(idle)" daemon [_thread_blocked, id=28292, stack(0x000000b91c500000,0x000000b91c600000)]
  0x000001d326597420 JavaThread "RMI TCP Connection(181)-127.0.0.1" daemon [_thread_in_native, id=28212, stack(0x000000b91c700000,0x000000b91c800000)]
  0x000001d331e2e1f0 JavaThread "RMI TCP Connection(162)-127.0.0.1" daemon [_thread_in_native, id=20464, stack(0x000000b91a600000,0x000000b91a700000)]
  0x000001d32d789ba0 JavaThread "RMI TCP Connection(idle)" daemon [_thread_blocked, id=1360, stack(0x000000b91c200000,0x000000b91c300000)]
  0x000001d3285a1ae0 JavaThread "Periodic tasks thread" daemon [_thread_blocked, id=14612, stack(0x000000b91bf00000,0x000000b91c000000)]
  0x000001d32d61a9b0 JavaThread "ApplicationImpl pooled thread 1" [_thread_blocked, id=14896, stack(0x000000b91c800000,0x000000b91c900000)]
  0x000001d331e30d40 JavaThread "RMI TCP Connection(184)-127.0.0.1" daemon [_thread_in_native, id=24108, stack(0x000000b91ca00000,0x000000b91cb00000)]
  0x000001d32d788390 JavaThread "RMI TCP Connection(idle)" daemon [_thread_blocked, id=7372, stack(0x000000b91cc00000,0x000000b91cd00000)]
  0x000001d32d7861e0 JavaThread "RMI TCP Connection(183)-127.0.0.1" daemon [_thread_in_native, id=16152, stack(0x000000b91ce00000,0x000000b91cf00000)]
  0x000001d32d789200 JavaThread "RMI TCP Connection(idle)" daemon [_thread_blocked, id=14284, stack(0x000000b91d000000,0x000000b91d100000)]
  0x000001d339362730 JavaThread "RMI TCP Connection(idle)" daemon [_thread_blocked, id=10728, stack(0x000000b91d200000,0x000000b91d300000)]
  0x000001d32d7866b0 JavaThread "RMI TCP Connection(idle)" daemon [_thread_blocked, id=27696, stack(0x000000b91d400000,0x000000b91d500000)]
  0x000001d3354f9470 JavaThread "RMI TCP Connection(190)-127.0.0.1" daemon [_thread_in_native, id=15004, stack(0x000000b91cd00000,0x000000b91ce00000)]
  0x000001d3354fa2e0 JavaThread "RMI TCP Connection(167)-127.0.0.1" daemon [_thread_in_native, id=9812, stack(0x000000b91d500000,0x000000b91d600000)]
  0x000001d32d786b80 JavaThread "RMI TCP Connection(182)-127.0.0.1" daemon [_thread_in_native, id=23200, stack(0x000000b91d700000,0x000000b91d800000)]
  0x000001d339362c00 JavaThread "RMI TCP Connection(idle)" daemon [_thread_blocked, id=27032, stack(0x000000b91d800000,0x000000b91d900000)]
  0x000001d3301de6f0 JavaThread "RMI TCP Connection(187)-127.0.0.1" daemon [_thread_in_native, id=19236, stack(0x000000b91da00000,0x000000b91db00000)]
  0x000001d339363a70 JavaThread "RMI TCP Connection(185)-127.0.0.1" daemon [_thread_in_native, id=13668, stack(0x000000b91dc00000,0x000000b91dd00000)]
  0x000001d32d787050 JavaThread "RMI TCP Connection(186)-127.0.0.1" daemon [_thread_in_native, id=26232, stack(0x000000b91dd00000,0x000000b91de00000)]
  0x000001d32d787520 JavaThread "RMI TCP Connection(idle)" daemon [_thread_blocked, id=21216, stack(0x000000b91de00000,0x000000b91df00000)]
  0x000001d32d7879f0 JavaThread "RMI TCP Connection(idle)" daemon [_thread_blocked, id=24836, stack(0x000000b91df00000,0x000000b91e000000)]
  0x000001d3437839b0 JavaThread "RMI TCP Connection(188)-127.0.0.1" daemon [_thread_in_native, id=18296, stack(0x000000b91e000000,0x000000b91e100000)]
  0x000001d3437834e0 JavaThread "RMI TCP Connection(idle)" daemon [_thread_blocked, id=19516, stack(0x000000b91e100000,0x000000b91e200000)]
  0x000001d325d8afc0 JavaThread "RMI TCP Connection(161)-127.0.0.1" daemon [_thread_in_native, id=2156, stack(0x000000b91aa00000,0x000000b91ab00000)]
  0x000001d339362260 JavaThread "RMI TCP Connection(164)-127.0.0.1" daemon [_thread_in_native, id=3300, stack(0x000000b91c400000,0x000000b91c500000)]
  0x000001d342106940 JavaThread "RMI TCP Connection(159)-127.0.0.1" daemon [_thread_in_native, id=8548, stack(0x000000b91c900000,0x000000b91ca00000)]
  0x000001d326598c30 JavaThread "RMI TCP Connection(163)-127.0.0.1" daemon [_thread_in_native, id=4692, stack(0x000000b91a200000,0x000000b91a300000)]
  0x000001d343784820 JavaThread "RMI TCP Connection(165)-127.0.0.1" daemon [_thread_in_native, id=27200, stack(0x000000b91a000000,0x000000b91a100000)]
  0x000001d326595740 JavaThread "Exec process Thread 25" [_thread_blocked, id=22332, stack(0x000000b916200000,0x000000b916300000)]
  0x000001d32659c120 JavaThread "Exec process Thread 26" [_thread_blocked, id=19036, stack(0x000000b916500000,0x000000b916600000)]
  0x000001d32659c5f0 JavaThread "Exec process Thread 27" [_thread_blocked, id=21388, stack(0x000000b916600000,0x000000b916700000)]
  0x000001d32b4077c0 JavaThread "Exec process Thread 28" [_thread_blocked, id=9940, stack(0x000000b91cf00000,0x000000b91d000000)]
  0x000001d32b4072f0 JavaThread "Exec process Thread 29" [_thread_blocked, id=4116, stack(0x000000b91d100000,0x000000b91d200000)]
  0x000001d32b403e00 JavaThread "Exec process Thread 30" [_thread_blocked, id=7972, stack(0x000000b91d300000,0x000000b91d400000)]
  0x000001d34532ee50 JavaThread "Exec process Thread 31" [_thread_blocked, id=23172, stack(0x000000b91e600000,0x000000b91e700000)]
  0x000001d341d78ee0 JavaThread "Exec process Thread 32" [_thread_blocked, id=18208, stack(0x000000b91e700000,0x000000b91e800000)]
  0x000001d341d78540 JavaThread "Exec process Thread 33" [_thread_blocked, id=18412, stack(0x000000b91e800000,0x000000b91e900000)]
  0x000001d344258060 JavaThread "Exec process Thread 34" [_thread_blocked, id=2044, stack(0x000000b91ea00000,0x000000b91eb00000)]
  0x000001d344258ed0 JavaThread "Exec process Thread 35" [_thread_blocked, id=13348, stack(0x000000b91ec00000,0x000000b91ed00000)]
  0x000001d3345af7b0 JavaThread "Exec process Thread 36" [_thread_blocked, id=27276, stack(0x000000b91ed00000,0x000000b91ee00000)]
  0x000001d3345b0150 JavaThread "Exec process Thread 37" [_thread_blocked, id=13332, stack(0x000000b91ee00000,0x000000b91ef00000)]
  0x000001d32659b2b0 JavaThread "Exec process Thread 38" [_thread_blocked, id=28348, stack(0x000000b91fc00000,0x000000b91fd00000)]
  0x000001d3265995d0 JavaThread "Exec process Thread 39" [_thread_blocked, id=11736, stack(0x000000b91fd00000,0x000000b91fe00000)]
  0x000001d344259870 JavaThread "RMI RenewClean-[127.0.0.1:17556,org.jetbrains.kotlin.daemon.common.LoopbackNetworkInterface$ClientLoopbackSocketFactory@588f63e1]" daemon [_thread_blocked, id=25464, stack(0x000000b90f400000,0x000000b90f500000)]
  0x000001d345426200 JavaThread "RMI RenewClean-[127.0.0.1:17556,org.jetbrains.kotlin.daemon.common.LoopbackNetworkInterface$ClientLoopbackSocketFactory@3acc1bb5]" daemon [_thread_blocked, id=28160, stack(0x000000b909e00000,0x000000b909f00000)]
  0x000001d326599100 JavaThread "RMI RenewClean-[127.0.0.1:17556,org.jetbrains.kotlin.daemon.common.LoopbackNetworkInterface$ClientLoopbackSocketFactory@798e12e2]" daemon [_thread_blocked, id=7020, stack(0x000000b916000000,0x000000b916100000)]
  0x000001d3267cbd80 JavaThread "RMI RenewClean-[127.0.0.1:17556,org.jetbrains.kotlin.daemon.common.LoopbackNetworkInterface$ClientLoopbackSocketFactory@2a71e9f7]" daemon [_thread_blocked, id=8512, stack(0x000000b916100000,0x000000b916200000)]
  0x000001d341eac060 JavaThread "RMI RenewClean-[127.0.0.1:17556,org.jetbrains.kotlin.daemon.common.LoopbackNetworkInterface$ClientLoopbackSocketFactory@795b71a4]" daemon [_thread_blocked, id=15552, stack(0x000000b916400000,0x000000b916500000)]
  0x000001d341eaf550 JavaThread "RMI RenewClean-[127.0.0.1:17556,org.jetbrains.kotlin.daemon.common.LoopbackNetworkInterface$ClientLoopbackSocketFactory@29341cfc]" daemon [_thread_blocked, id=24712, stack(0x000000b916800000,0x000000b916900000)]

Other Threads:
  0x000001d3216da950 VMThread "VM Thread" [stack: 0x000000b908500000,0x000000b908600000] [id=21348]
  0x000001d37edb3d00 WatcherThread [stack: 0x000000b909100000,0x000000b909200000] [id=17136]
  0x000001d37ed90800 GCTaskThread "GC Thread#0" [stack: 0x000000b908000000,0x000000b908100000] [id=6828]
  0x000001d3223f7780 GCTaskThread "GC Thread#1" [stack: 0x000000b909400000,0x000000b909500000] [id=14072]
  0x000001d3225a0e40 GCTaskThread "GC Thread#2" [stack: 0x000000b909500000,0x000000b909600000] [id=20016]
  0x000001d3225a10f0 GCTaskThread "GC Thread#3" [stack: 0x000000b909600000,0x000000b909700000] [id=20200]
  0x000001d322a9e670 GCTaskThread "GC Thread#4" [stack: 0x000000b909700000,0x000000b909800000] [id=14492]
  0x000001d32376d980 GCTaskThread "GC Thread#5" [stack: 0x000000b909300000,0x000000b909400000] [id=9824]
  0x000001d3230c9620 GCTaskThread "GC Thread#6" [stack: 0x000000b909800000,0x000000b909900000] [id=19984]
  0x000001d32790c190 GCTaskThread "GC Thread#7" [stack: 0x000000b90a800000,0x000000b90a900000] [id=23580]
  0x000001d32790b980 GCTaskThread "GC Thread#8" [stack: 0x000000b90a900000,0x000000b90aa00000] [id=9248]
  0x000001d32790bc30 GCTaskThread "GC Thread#9" [stack: 0x000000b90aa00000,0x000000b90ab00000] [id=12500]
  0x000001d37ed9f670 ConcurrentGCThread "G1 Main Marker" [stack: 0x000000b908100000,0x000000b908200000] [id=11460]
  0x000001d37ed9ff90 ConcurrentGCThread "G1 Conc#0" [stack: 0x000000b908200000,0x000000b908300000] [id=12764]
  0x000001d3244eac40 ConcurrentGCThread "G1 Conc#1" [stack: 0x000000b90ab00000,0x000000b90ac00000] [id=3184]
  0x000001d3244eaef0 ConcurrentGCThread "G1 Conc#2" [stack: 0x000000b90ac00000,0x000000b90ad00000] [id=15984]
  0x000001d37edfe980 ConcurrentGCThread "G1 Refine#0" [stack: 0x000000b908300000,0x000000b908400000] [id=15260]
  0x000001d32cc4bca0 ConcurrentGCThread "G1 Refine#1" [stack: 0x000000b915f00000,0x000000b916000000] [id=17840]
  0x000001d32ce61340 ConcurrentGCThread "G1 Refine#2" [stack: 0x000000b918800000,0x000000b918900000] [id=17796]
  0x000001d32470d750 ConcurrentGCThread "G1 Refine#3" [stack: 0x000000b918900000,0x000000b918a00000] [id=14632]
  0x000001d37edfec60 ConcurrentGCThread "G1 Service" [stack: 0x000000b908400000,0x000000b908500000] [id=25628]

Threads with active compile tasks:
C2 CompilerThread0   331283 62076       4       org.gradle.internal.snapshot.DirectorySnapshot::<init> (41 bytes)
C2 CompilerThread1   331283 62063       4       org.jetbrains.kotlin.fir.deserialization.AbstractFirDeserializedSymbolProvider::getClass (98 bytes)
C2 CompilerThread2   331283 62045       4       com.intellij.codeInsight.AnnotationUtil::getAllAnnotations (597 bytes)

VM state: not at safepoint (normal execution)

VM Mutex/Monitor currently owned by a thread: None

Heap address: 0x0000000740000000, size: 3072 MB, Compressed Oops mode: Zero based, Oop shift amount: 3

CDS archive(s) mapped at: [0x0000000800000000-0x0000000800bc0000-0x0000000800bc0000), size 12320768, SharedBaseAddress: 0x0000000800000000, ArchiveRelocationMode: 0.
Compressed class space mapped at: 0x0000000800c00000-0x0000000834000000, reserved size: 859832320
Narrow klass base: 0x0000000800000000, Narrow klass shift: 0, Narrow klass range: 0x100000000

GC Precious Log:
 CPUs: 12 total, 12 available
 Memory: 15789M
 Large Page Support: Disabled
 NUMA Support: Disabled
 Compressed Oops: Enabled (Zero based)
 Heap Region Size: 2M
 Heap Min Capacity: 8M
 Heap Initial Capacity: 248M
 Heap Max Capacity: 3G
 Pre-touch: Disabled
 Parallel Workers: 10
 Concurrent Workers: 3
 Concurrent Refinement Workers: 10
 Periodic GC: Disabled

Heap:
 garbage-first heap   total 2070528K, used 1081236K [0x0000000740000000, 0x0000000800000000)
  region size 2048K, 69 young (141312K), 34 survivors (69632K)
 Metaspace       used 302652K, committed 306624K, reserved 1110016K
  class space    used 39427K, committed 41344K, reserved 839680K

Heap Regions: E=young(eden), S=young(survivor), O=old, HS=humongous(starts), HC=humongous(continues), CS=collection set, F=free, OA=open archive, CA=closed archive, TAMS=top-at-mark-start (previous, next)
|   0|0x0000000740000000, 0x0000000740200000, 0x0000000740200000|100%|HS|  |TAMS 0x0000000740200000, 0x0000000740200000| Complete 
|   1|0x0000000740200000, 0x0000000740400000, 0x0000000740400000|100%|HC|  |TAMS 0x0000000740400000, 0x0000000740400000| Complete 
|   2|0x0000000740400000, 0x0000000740600000, 0x0000000740600000|100%| O|  |TAMS 0x0000000740600000, 0x0000000740600000| Untracked 
|   3|0x0000000740600000, 0x0000000740800000, 0x0000000740800000|100%| O|  |TAMS 0x0000000740800000, 0x0000000740800000| Untracked 
|   4|0x0000000740800000, 0x0000000740a00000, 0x0000000740a00000|100%| O|  |TAMS 0x0000000740a00000, 0x0000000740a00000| Untracked 
|   5|0x0000000740a00000, 0x0000000740c00000, 0x0000000740c00000|100%| O|  |TAMS 0x0000000740c00000, 0x0000000740c00000| Untracked 
|   6|0x0000000740c00000, 0x0000000740e00000, 0x0000000740e00000|100%| O|  |TAMS 0x0000000740e00000, 0x0000000740e00000| Untracked 
|   7|0x0000000740e00000, 0x0000000741000000, 0x0000000741000000|100%| O|  |TAMS 0x0000000741000000, 0x0000000741000000| Untracked 
|   8|0x0000000741000000, 0x0000000741200000, 0x0000000741200000|100%| O|  |TAMS 0x0000000741200000, 0x0000000741200000| Untracked 
|   9|0x0000000741200000, 0x0000000741400000, 0x0000000741400000|100%| O|  |TAMS 0x0000000741400000, 0x0000000741400000| Untracked 
|  10|0x0000000741400000, 0x0000000741600000, 0x0000000741600000|100%| O|  |TAMS 0x0000000741600000, 0x0000000741600000| Untracked 
|  11|0x0000000741600000, 0x0000000741800000, 0x0000000741800000|100%| O|  |TAMS 0x0000000741800000, 0x0000000741800000| Untracked 
|  12|0x0000000741800000, 0x0000000741a00000, 0x0000000741a00000|100%| O|  |TAMS 0x0000000741a00000, 0x0000000741a00000| Untracked 
|  13|0x0000000741a00000, 0x0000000741c00000, 0x0000000741c00000|100%| O|  |TAMS 0x0000000741c00000, 0x0000000741c00000| Untracked 
|  14|0x0000000741c00000, 0x0000000741e00000, 0x0000000741e00000|100%| O|  |TAMS 0x0000000741e00000, 0x0000000741e00000| Untracked 
|  15|0x0000000741e00000, 0x0000000742000000, 0x0000000742000000|100%| O|  |TAMS 0x0000000742000000, 0x0000000742000000| Untracked 
|  16|0x0000000742000000, 0x0000000742200000, 0x0000000742200000|100%| O|  |TAMS 0x0000000742200000, 0x0000000742200000| Untracked 
|  17|0x0000000742200000, 0x0000000742400000, 0x0000000742400000|100%| O|  |TAMS 0x0000000742400000, 0x0000000742400000| Untracked 
|  18|0x0000000742400000, 0x0000000742600000, 0x0000000742600000|100%| O|  |TAMS 0x0000000742600000, 0x0000000742600000| Untracked 
|  19|0x0000000742600000, 0x0000000742800000, 0x0000000742800000|100%| O|  |TAMS 0x0000000742800000, 0x0000000742800000| Untracked 
|  20|0x0000000742800000, 0x0000000742a00000, 0x0000000742a00000|100%| O|  |TAMS 0x0000000742a00000, 0x0000000742a00000| Untracked 
|  21|0x0000000742a00000, 0x0000000742c00000, 0x0000000742c00000|100%| O|  |TAMS 0x0000000742c00000, 0x0000000742c00000| Untracked 
|  22|0x0000000742c00000, 0x0000000742e00000, 0x0000000742e00000|100%|HS|  |TAMS 0x0000000742e00000, 0x0000000742e00000| Complete 
|  23|0x0000000742e00000, 0x0000000743000000, 0x0000000743000000|100%|HS|  |TAMS 0x0000000743000000, 0x0000000743000000| Complete 
|  24|0x0000000743000000, 0x0000000743200000, 0x0000000743200000|100%|HS|  |TAMS 0x0000000743200000, 0x0000000743200000| Complete 
|  25|0x0000000743200000, 0x0000000743400000, 0x0000000743400000|100%|HC|  |TAMS 0x0000000743400000, 0x0000000743400000| Complete 
|  26|0x0000000743400000, 0x0000000743600000, 0x0000000743600000|100%| O|  |TAMS 0x0000000743600000, 0x0000000743600000| Untracked 
|  27|0x0000000743600000, 0x0000000743800000, 0x0000000743800000|100%|HS|  |TAMS 0x0000000743800000, 0x0000000743800000| Complete 
|  28|0x0000000743800000, 0x0000000743a00000, 0x0000000743a00000|100%| O|  |TAMS 0x0000000743a00000, 0x0000000743a00000| Untracked 
|  29|0x0000000743a00000, 0x0000000743c00000, 0x0000000743c00000|100%| O|  |TAMS 0x0000000743c00000, 0x0000000743c00000| Untracked 
|  30|0x0000000743c00000, 0x0000000743e00000, 0x0000000743e00000|100%| O|  |TAMS 0x0000000743e00000, 0x0000000743e00000| Untracked 
|  31|0x0000000743e00000, 0x0000000744000000, 0x0000000744000000|100%|HS|  |TAMS 0x0000000744000000, 0x0000000744000000| Complete 
|  32|0x0000000744000000, 0x0000000744200000, 0x0000000744200000|100%|HC|  |TAMS 0x0000000744200000, 0x0000000744200000| Complete 
|  33|0x0000000744200000, 0x0000000744400000, 0x0000000744400000|100%| O|  |TAMS 0x0000000744400000, 0x0000000744400000| Untracked 
|  34|0x0000000744400000, 0x0000000744600000, 0x0000000744600000|100%| O|  |TAMS 0x0000000744600000, 0x0000000744600000| Untracked 
|  35|0x0000000744600000, 0x0000000744800000, 0x0000000744800000|100%| O|  |TAMS 0x0000000744800000, 0x0000000744800000| Untracked 
|  36|0x0000000744800000, 0x0000000744a00000, 0x0000000744a00000|100%| O|  |TAMS 0x0000000744a00000, 0x0000000744a00000| Untracked 
|  37|0x0000000744a00000, 0x0000000744c00000, 0x0000000744c00000|100%| O|  |TAMS 0x0000000744c00000, 0x0000000744c00000| Untracked 
|  38|0x0000000744c00000, 0x0000000744e00000, 0x0000000744e00000|100%|HS|  |TAMS 0x0000000744e00000, 0x0000000744e00000| Complete 
|  39|0x0000000744e00000, 0x0000000745000000, 0x0000000745000000|100%| O|  |TAMS 0x0000000745000000, 0x0000000745000000| Untracked 
|  40|0x0000000745000000, 0x0000000745200000, 0x0000000745200000|100%| O|  |TAMS 0x0000000745200000, 0x0000000745200000| Untracked 
|  41|0x0000000745200000, 0x0000000745400000, 0x0000000745400000|100%| O|  |TAMS 0x0000000745400000, 0x0000000745400000| Untracked 
|  42|0x0000000745400000, 0x0000000745600000, 0x0000000745600000|100%| O|  |TAMS 0x0000000745600000, 0x0000000745600000| Untracked 
|  43|0x0000000745600000, 0x0000000745800000, 0x0000000745800000|100%| O|  |TAMS 0x0000000745800000, 0x0000000745800000| Untracked 
|  44|0x0000000745800000, 0x0000000745a00000, 0x0000000745a00000|100%| O|  |TAMS 0x0000000745a00000, 0x0000000745a00000| Untracked 
|  45|0x0000000745a00000, 0x0000000745c00000, 0x0000000745c00000|100%| O|  |TAMS 0x0000000745c00000, 0x0000000745c00000| Untracked 
|  46|0x0000000745c00000, 0x0000000745e00000, 0x0000000745e00000|100%| O|  |TAMS 0x0000000745e00000, 0x0000000745e00000| Untracked 
|  47|0x0000000745e00000, 0x0000000746000000, 0x0000000746000000|100%| O|  |TAMS 0x0000000746000000, 0x0000000746000000| Untracked 
|  48|0x0000000746000000, 0x0000000746200000, 0x0000000746200000|100%| O|  |TAMS 0x0000000746200000, 0x0000000746200000| Untracked 
|  49|0x0000000746200000, 0x0000000746400000, 0x0000000746400000|100%| O|  |TAMS 0x0000000746400000, 0x0000000746400000| Untracked 
|  50|0x0000000746400000, 0x0000000746600000, 0x0000000746600000|100%| O|  |TAMS 0x0000000746600000, 0x0000000746600000| Untracked 
|  51|0x0000000746600000, 0x0000000746800000, 0x0000000746800000|100%| O|  |TAMS 0x0000000746800000, 0x0000000746800000| Untracked 
|  52|0x0000000746800000, 0x0000000746a00000, 0x0000000746a00000|100%| O|  |TAMS 0x0000000746a00000, 0x0000000746a00000| Untracked 
|  53|0x0000000746a00000, 0x0000000746c00000, 0x0000000746c00000|100%| O|  |TAMS 0x0000000746c00000, 0x0000000746c00000| Untracked 
|  54|0x0000000746c00000, 0x0000000746e00000, 0x0000000746e00000|100%| O|  |TAMS 0x0000000746e00000, 0x0000000746e00000| Untracked 
|  55|0x0000000746e00000, 0x0000000746e00000, 0x0000000747000000|  0%| F|  |TAMS 0x0000000746e00000, 0x0000000746e00000| Untracked 
|  56|0x0000000747000000, 0x0000000747200000, 0x0000000747200000|100%| O|  |TAMS 0x0000000747200000, 0x0000000747200000| Untracked 
|  57|0x0000000747200000, 0x0000000747400000, 0x0000000747400000|100%| O|  |TAMS 0x0000000747400000, 0x0000000747400000| Untracked 
|  58|0x0000000747400000, 0x0000000747600000, 0x0000000747600000|100%| O|  |TAMS 0x0000000747600000, 0x0000000747600000| Untracked 
|  59|0x0000000747600000, 0x0000000747800000, 0x0000000747800000|100%| O|  |TAMS 0x0000000747800000, 0x0000000747800000| Untracked 
|  60|0x0000000747800000, 0x0000000747a00000, 0x0000000747a00000|100%| O|  |TAMS 0x0000000747a00000, 0x0000000747a00000| Untracked 
|  61|0x0000000747a00000, 0x0000000747c00000, 0x0000000747c00000|100%| O|  |TAMS 0x0000000747c00000, 0x0000000747c00000| Untracked 
|  62|0x0000000747c00000, 0x0000000747e00000, 0x0000000747e00000|100%| O|  |TAMS 0x0000000747e00000, 0x0000000747e00000| Untracked 
|  63|0x0000000747e00000, 0x0000000748000000, 0x0000000748000000|100%| O|  |TAMS 0x0000000748000000, 0x0000000748000000| Untracked 
|  64|0x0000000748000000, 0x0000000748200000, 0x0000000748200000|100%| O|  |TAMS 0x0000000748200000, 0x0000000748200000| Untracked 
|  65|0x0000000748200000, 0x0000000748400000, 0x0000000748400000|100%| O|  |TAMS 0x0000000748400000, 0x0000000748400000| Untracked 
|  66|0x0000000748400000, 0x0000000748400000, 0x0000000748600000|  0%| F|  |TAMS 0x0000000748400000, 0x0000000748400000| Untracked 
|  67|0x0000000748600000, 0x0000000748800000, 0x0000000748800000|100%| O|  |TAMS 0x0000000748800000, 0x0000000748800000| Untracked 
|  68|0x0000000748800000, 0x0000000748a00000, 0x0000000748a00000|100%| O|  |TAMS 0x0000000748a00000, 0x0000000748a00000| Untracked 
|  69|0x0000000748a00000, 0x0000000748c00000, 0x0000000748c00000|100%| O|  |TAMS 0x0000000748c00000, 0x0000000748c00000| Untracked 
|  70|0x0000000748c00000, 0x0000000748e00000, 0x0000000748e00000|100%| O|  |TAMS 0x0000000748e00000, 0x0000000748e00000| Untracked 
|  71|0x0000000748e00000, 0x0000000749000000, 0x0000000749000000|100%| O|  |TAMS 0x0000000749000000, 0x0000000749000000| Untracked 
|  72|0x0000000749000000, 0x0000000749200000, 0x0000000749200000|100%| O|  |TAMS 0x0000000749200000, 0x0000000749200000| Untracked 
|  73|0x0000000749200000, 0x0000000749400000, 0x0000000749400000|100%| O|  |TAMS 0x0000000749400000, 0x0000000749400000| Untracked 
|  74|0x0000000749400000, 0x0000000749600000, 0x0000000749600000|100%| O|  |TAMS 0x0000000749600000, 0x0000000749600000| Untracked 
|  75|0x0000000749600000, 0x0000000749800000, 0x0000000749800000|100%| O|  |TAMS 0x0000000749800000, 0x0000000749800000| Untracked 
|  76|0x0000000749800000, 0x0000000749a00000, 0x0000000749a00000|100%| O|  |TAMS 0x0000000749a00000, 0x0000000749a00000| Untracked 
|  77|0x0000000749a00000, 0x0000000749c00000, 0x0000000749c00000|100%| O|  |TAMS 0x0000000749c00000, 0x0000000749c00000| Untracked 
|  78|0x0000000749c00000, 0x0000000749e00000, 0x0000000749e00000|100%| O|  |TAMS 0x0000000749e00000, 0x0000000749e00000| Untracked 
|  79|0x0000000749e00000, 0x000000074a000000, 0x000000074a000000|100%| O|  |TAMS 0x000000074a000000, 0x000000074a000000| Untracked 
|  80|0x000000074a000000, 0x000000074a200000, 0x000000074a200000|100%| O|  |TAMS 0x000000074a200000, 0x000000074a200000| Untracked 
|  81|0x000000074a200000, 0x000000074a400000, 0x000000074a400000|100%| O|  |TAMS 0x000000074a400000, 0x000000074a400000| Untracked 
|  82|0x000000074a400000, 0x000000074a600000, 0x000000074a600000|100%| O|  |TAMS 0x000000074a600000, 0x000000074a600000| Untracked 
|  83|0x000000074a600000, 0x000000074a800000, 0x000000074a800000|100%| O|  |TAMS 0x000000074a800000, 0x000000074a800000| Untracked 
|  84|0x000000074a800000, 0x000000074aa00000, 0x000000074aa00000|100%| O|  |TAMS 0x000000074a800000, 0x000000074aa00000| Untracked 
|  85|0x000000074aa00000, 0x000000074ac00000, 0x000000074ac00000|100%| O|  |TAMS 0x000000074ac00000, 0x000000074ac00000| Untracked 
|  86|0x000000074ac00000, 0x000000074ae00000, 0x000000074ae00000|100%| O|  |TAMS 0x000000074ae00000, 0x000000074ae00000| Untracked 
|  87|0x000000074ae00000, 0x000000074b000000, 0x000000074b000000|100%| O|  |TAMS 0x000000074b000000, 0x000000074b000000| Untracked 
|  88|0x000000074b000000, 0x000000074b200000, 0x000000074b200000|100%|HS|  |TAMS 0x000000074b200000, 0x000000074b200000| Complete 
|  89|0x000000074b200000, 0x000000074b400000, 0x000000074b400000|100%|HC|  |TAMS 0x000000074b400000, 0x000000074b400000| Complete 
|  90|0x000000074b400000, 0x000000074b600000, 0x000000074b600000|100%| O|  |TAMS 0x000000074b600000, 0x000000074b600000| Untracked 
|  91|0x000000074b600000, 0x000000074b600000, 0x000000074b800000|  0%| F|  |TAMS 0x000000074b600000, 0x000000074b600000| Untracked 
|  92|0x000000074b800000, 0x000000074ba00000, 0x000000074ba00000|100%| O|  |TAMS 0x000000074ba00000, 0x000000074ba00000| Untracked 
|  93|0x000000074ba00000, 0x000000074bc00000, 0x000000074bc00000|100%| O|  |TAMS 0x000000074bc00000, 0x000000074bc00000| Untracked 
|  94|0x000000074bc00000, 0x000000074be00000, 0x000000074be00000|100%| O|  |TAMS 0x000000074be00000, 0x000000074be00000| Untracked 
|  95|0x000000074be00000, 0x000000074c000000, 0x000000074c000000|100%| O|  |TAMS 0x000000074c000000, 0x000000074c000000| Untracked 
|  96|0x000000074c000000, 0x000000074c200000, 0x000000074c200000|100%| O|  |TAMS 0x000000074c200000, 0x000000074c200000| Untracked 
|  97|0x000000074c200000, 0x000000074c400000, 0x000000074c400000|100%| O|  |TAMS 0x000000074c400000, 0x000000074c400000| Untracked 
|  98|0x000000074c400000, 0x000000074c400000, 0x000000074c600000|  0%| F|  |TAMS 0x000000074c400000, 0x000000074c400000| Untracked 
|  99|0x000000074c600000, 0x000000074c800000, 0x000000074c800000|100%|HS|  |TAMS 0x000000074c800000, 0x000000074c800000| Complete 
| 100|0x000000074c800000, 0x000000074ca00000, 0x000000074ca00000|100%|HC|  |TAMS 0x000000074ca00000, 0x000000074ca00000| Complete 
| 101|0x000000074ca00000, 0x000000074cc00000, 0x000000074cc00000|100%| O|  |TAMS 0x000000074cc00000, 0x000000074cc00000| Untracked 
| 102|0x000000074cc00000, 0x000000074ce00000, 0x000000074ce00000|100%| O|  |TAMS 0x000000074ce00000, 0x000000074ce00000| Untracked 
| 103|0x000000074ce00000, 0x000000074d000000, 0x000000074d000000|100%| O|  |TAMS 0x000000074d000000, 0x000000074d000000| Untracked 
| 104|0x000000074d000000, 0x000000074d200000, 0x000000074d200000|100%| O|  |TAMS 0x000000074d200000, 0x000000074d200000| Untracked 
| 105|0x000000074d200000, 0x000000074d400000, 0x000000074d400000|100%| O|  |TAMS 0x000000074d400000, 0x000000074d400000| Untracked 
| 106|0x000000074d400000, 0x000000074d600000, 0x000000074d600000|100%| O|  |TAMS 0x000000074d600000, 0x000000074d600000| Untracked 
| 107|0x000000074d600000, 0x000000074d800000, 0x000000074d800000|100%| O|  |TAMS 0x000000074d800000, 0x000000074d800000| Untracked 
| 108|0x000000074d800000, 0x000000074da00000, 0x000000074da00000|100%| O|  |TAMS 0x000000074da00000, 0x000000074da00000| Untracked 
| 109|0x000000074da00000, 0x000000074da00000, 0x000000074dc00000|  0%| F|  |TAMS 0x000000074da00000, 0x000000074da00000| Untracked 
| 110|0x000000074dc00000, 0x000000074de00000, 0x000000074de00000|100%| O|  |TAMS 0x000000074de00000, 0x000000074de00000| Untracked 
| 111|0x000000074de00000, 0x000000074e000000, 0x000000074e000000|100%| O|  |TAMS 0x000000074e000000, 0x000000074e000000| Untracked 
| 112|0x000000074e000000, 0x000000074e200000, 0x000000074e200000|100%| O|  |TAMS 0x000000074e200000, 0x000000074e200000| Untracked 
| 113|0x000000074e200000, 0x000000074e400000, 0x000000074e400000|100%| O|  |TAMS 0x000000074e400000, 0x000000074e400000| Untracked 
| 114|0x000000074e400000, 0x000000074e600000, 0x000000074e600000|100%| O|  |TAMS 0x000000074e600000, 0x000000074e600000| Untracked 
| 115|0x000000074e600000, 0x000000074e800000, 0x000000074e800000|100%| O|  |TAMS 0x000000074e800000, 0x000000074e800000| Untracked 
| 116|0x000000074e800000, 0x000000074ea00000, 0x000000074ea00000|100%| O|  |TAMS 0x000000074ea00000, 0x000000074ea00000| Untracked 
| 117|0x000000074ea00000, 0x000000074ec00000, 0x000000074ec00000|100%| O|  |TAMS 0x000000074ec00000, 0x000000074ec00000| Untracked 
| 118|0x000000074ec00000, 0x000000074ee00000, 0x000000074ee00000|100%| O|  |TAMS 0x000000074ee00000, 0x000000074ee00000| Untracked 
| 119|0x000000074ee00000, 0x000000074f000000, 0x000000074f000000|100%| O|  |TAMS 0x000000074f000000, 0x000000074f000000| Untracked 
| 120|0x000000074f000000, 0x000000074f200000, 0x000000074f200000|100%| O|  |TAMS 0x000000074f200000, 0x000000074f200000| Untracked 
| 121|0x000000074f200000, 0x000000074f400000, 0x000000074f400000|100%| O|  |TAMS 0x000000074f400000, 0x000000074f400000| Untracked 
| 122|0x000000074f400000, 0x000000074f600000, 0x000000074f600000|100%| O|  |TAMS 0x000000074f600000, 0x000000074f600000| Untracked 
| 123|0x000000074f600000, 0x000000074f800000, 0x000000074f800000|100%| O|  |TAMS 0x000000074f800000, 0x000000074f800000| Untracked 
| 124|0x000000074f800000, 0x000000074fa00000, 0x000000074fa00000|100%| O|  |TAMS 0x000000074fa00000, 0x000000074fa00000| Untracked 
| 125|0x000000074fa00000, 0x000000074fc00000, 0x000000074fc00000|100%| O|  |TAMS 0x000000074fc00000, 0x000000074fc00000| Untracked 
| 126|0x000000074fc00000, 0x000000074fe00000, 0x000000074fe00000|100%| O|  |TAMS 0x000000074fe00000, 0x000000074fe00000| Untracked 
| 127|0x000000074fe00000, 0x000000074fe00000, 0x0000000750000000|  0%| F|  |TAMS 0x000000074fe00000, 0x000000074fe00000| Untracked 
| 128|0x0000000750000000, 0x0000000750200000, 0x0000000750200000|100%| O|  |TAMS 0x0000000750200000, 0x0000000750200000| Untracked 
| 129|0x0000000750200000, 0x0000000750400000, 0x0000000750400000|100%| O|  |TAMS 0x0000000750400000, 0x0000000750400000| Untracked 
| 130|0x0000000750400000, 0x0000000750600000, 0x0000000750600000|100%| O|  |TAMS 0x0000000750600000, 0x0000000750600000| Untracked 
| 131|0x0000000750600000, 0x0000000750800000, 0x0000000750800000|100%| O|  |TAMS 0x0000000750800000, 0x0000000750800000| Untracked 
| 132|0x0000000750800000, 0x0000000750a00000, 0x0000000750a00000|100%| O|  |TAMS 0x0000000750a00000, 0x0000000750a00000| Untracked 
| 133|0x0000000750a00000, 0x0000000750c00000, 0x0000000750c00000|100%| O|  |TAMS 0x0000000750c00000, 0x0000000750c00000| Untracked 
| 134|0x0000000750c00000, 0x0000000750e00000, 0x0000000750e00000|100%| O|  |TAMS 0x0000000750e00000, 0x0000000750e00000| Untracked 
| 135|0x0000000750e00000, 0x0000000751000000, 0x0000000751000000|100%| O|  |TAMS 0x0000000751000000, 0x0000000751000000| Untracked 
| 136|0x0000000751000000, 0x0000000751200000, 0x0000000751200000|100%| O|  |TAMS 0x0000000751200000, 0x0000000751200000| Untracked 
| 137|0x0000000751200000, 0x0000000751400000, 0x0000000751400000|100%| O|  |TAMS 0x0000000751400000, 0x0000000751400000| Untracked 
| 138|0x0000000751400000, 0x0000000751600000, 0x0000000751600000|100%| O|  |TAMS 0x0000000751600000, 0x0000000751600000| Untracked 
| 139|0x0000000751600000, 0x0000000751800000, 0x0000000751800000|100%| O|  |TAMS 0x0000000751800000, 0x0000000751800000| Untracked 
| 140|0x0000000751800000, 0x0000000751a00000, 0x0000000751a00000|100%| O|  |TAMS 0x0000000751a00000, 0x0000000751a00000| Untracked 
| 141|0x0000000751a00000, 0x0000000751c00000, 0x0000000751c00000|100%| O|  |TAMS 0x0000000751c00000, 0x0000000751c00000| Untracked 
| 142|0x0000000751c00000, 0x0000000751e00000, 0x0000000751e00000|100%| O|  |TAMS 0x0000000751e00000, 0x0000000751e00000| Untracked 
| 143|0x0000000751e00000, 0x0000000752000000, 0x0000000752000000|100%| O|  |TAMS 0x0000000752000000, 0x0000000752000000| Untracked 
| 144|0x0000000752000000, 0x0000000752200000, 0x0000000752200000|100%| O|  |TAMS 0x0000000752200000, 0x0000000752200000| Untracked 
| 145|0x0000000752200000, 0x0000000752400000, 0x0000000752400000|100%| O|  |TAMS 0x0000000752400000, 0x0000000752400000| Untracked 
| 146|0x0000000752400000, 0x0000000752600000, 0x0000000752600000|100%| O|  |TAMS 0x0000000752600000, 0x0000000752600000| Untracked 
| 147|0x0000000752600000, 0x0000000752800000, 0x0000000752800000|100%| O|  |TAMS 0x0000000752800000, 0x0000000752800000| Untracked 
| 148|0x0000000752800000, 0x0000000752a00000, 0x0000000752a00000|100%| O|  |TAMS 0x0000000752a00000, 0x0000000752a00000| Untracked 
| 149|0x0000000752a00000, 0x0000000752c00000, 0x0000000752c00000|100%| O|  |TAMS 0x0000000752c00000, 0x0000000752c00000| Untracked 
| 150|0x0000000752c00000, 0x0000000752e00000, 0x0000000752e00000|100%| O|  |TAMS 0x0000000752e00000, 0x0000000752e00000| Untracked 
| 151|0x0000000752e00000, 0x0000000753000000, 0x0000000753000000|100%| O|  |TAMS 0x0000000753000000, 0x0000000753000000| Untracked 
| 152|0x0000000753000000, 0x0000000753200000, 0x0000000753200000|100%| O|  |TAMS 0x0000000753200000, 0x0000000753200000| Untracked 
| 153|0x0000000753200000, 0x0000000753400000, 0x0000000753400000|100%| O|  |TAMS 0x0000000753400000, 0x0000000753400000| Untracked 
| 154|0x0000000753400000, 0x0000000753400000, 0x0000000753600000|  0%| F|  |TAMS 0x0000000753400000, 0x0000000753400000| Untracked 
| 155|0x0000000753600000, 0x0000000753800000, 0x0000000753800000|100%| O|  |TAMS 0x0000000753800000, 0x0000000753800000| Untracked 
| 156|0x0000000753800000, 0x0000000753a00000, 0x0000000753a00000|100%| O|  |TAMS 0x0000000753a00000, 0x0000000753a00000| Untracked 
| 157|0x0000000753a00000, 0x0000000753c00000, 0x0000000753c00000|100%| O|  |TAMS 0x0000000753c00000, 0x0000000753c00000| Untracked 
| 158|0x0000000753c00000, 0x0000000753e00000, 0x0000000753e00000|100%| O|  |TAMS 0x0000000753e00000, 0x0000000753e00000| Untracked 
| 159|0x0000000753e00000, 0x0000000754000000, 0x0000000754000000|100%| O|  |TAMS 0x0000000754000000, 0x0000000754000000| Untracked 
| 160|0x0000000754000000, 0x0000000754200000, 0x0000000754200000|100%| O|  |TAMS 0x0000000754200000, 0x0000000754200000| Untracked 
| 161|0x0000000754200000, 0x0000000754400000, 0x0000000754400000|100%| O|  |TAMS 0x0000000754400000, 0x0000000754400000| Untracked 
| 162|0x0000000754400000, 0x0000000754600000, 0x0000000754600000|100%| O|  |TAMS 0x0000000754600000, 0x0000000754600000| Untracked 
| 163|0x0000000754600000, 0x0000000754800000, 0x0000000754800000|100%| O|  |TAMS 0x0000000754800000, 0x0000000754800000| Untracked 
| 164|0x0000000754800000, 0x0000000754a00000, 0x0000000754a00000|100%| O|  |TAMS 0x0000000754a00000, 0x0000000754a00000| Untracked 
| 165|0x0000000754a00000, 0x0000000754c00000, 0x0000000754c00000|100%| O|  |TAMS 0x0000000754c00000, 0x0000000754c00000| Untracked 
| 166|0x0000000754c00000, 0x0000000754e00000, 0x0000000754e00000|100%| O|  |TAMS 0x0000000754e00000, 0x0000000754e00000| Untracked 
| 167|0x0000000754e00000, 0x0000000755000000, 0x0000000755000000|100%| O|  |TAMS 0x0000000755000000, 0x0000000755000000| Untracked 
| 168|0x0000000755000000, 0x0000000755200000, 0x0000000755200000|100%| O|  |TAMS 0x0000000755200000, 0x0000000755200000| Untracked 
| 169|0x0000000755200000, 0x0000000755400000, 0x0000000755400000|100%| O|  |TAMS 0x0000000755400000, 0x0000000755400000| Untracked 
| 170|0x0000000755400000, 0x0000000755600000, 0x0000000755600000|100%| O|  |TAMS 0x0000000755600000, 0x0000000755600000| Untracked 
| 171|0x0000000755600000, 0x0000000755800000, 0x0000000755800000|100%| O|  |TAMS 0x0000000755800000, 0x0000000755800000| Untracked 
| 172|0x0000000755800000, 0x0000000755a00000, 0x0000000755a00000|100%| O|  |TAMS 0x0000000755a00000, 0x0000000755a00000| Untracked 
| 173|0x0000000755a00000, 0x0000000755c00000, 0x0000000755c00000|100%| O|  |TAMS 0x0000000755c00000, 0x0000000755c00000| Untracked 
| 174|0x0000000755c00000, 0x0000000755e00000, 0x0000000755e00000|100%| O|  |TAMS 0x0000000755e00000, 0x0000000755e00000| Untracked 
| 175|0x0000000755e00000, 0x0000000756000000, 0x0000000756000000|100%| O|  |TAMS 0x0000000756000000, 0x0000000756000000| Untracked 
| 176|0x0000000756000000, 0x0000000756200000, 0x0000000756200000|100%| O|  |TAMS 0x0000000756200000, 0x0000000756200000| Untracked 
| 177|0x0000000756200000, 0x0000000756400000, 0x0000000756400000|100%| O|  |TAMS 0x0000000756400000, 0x0000000756400000| Untracked 
| 178|0x0000000756400000, 0x0000000756600000, 0x0000000756600000|100%| O|  |TAMS 0x0000000756600000, 0x0000000756600000| Untracked 
| 179|0x0000000756600000, 0x0000000756800000, 0x0000000756800000|100%| O|  |TAMS 0x0000000756800000, 0x0000000756800000| Untracked 
| 180|0x0000000756800000, 0x0000000756a00000, 0x0000000756a00000|100%| O|  |TAMS 0x0000000756a00000, 0x0000000756a00000| Untracked 
| 181|0x0000000756a00000, 0x0000000756c00000, 0x0000000756c00000|100%| O|  |TAMS 0x0000000756c00000, 0x0000000756c00000| Untracked 
| 182|0x0000000756c00000, 0x0000000756e00000, 0x0000000756e00000|100%| O|  |TAMS 0x0000000756e00000, 0x0000000756e00000| Untracked 
| 183|0x0000000756e00000, 0x0000000757000000, 0x0000000757000000|100%| O|  |TAMS 0x0000000757000000, 0x0000000757000000| Untracked 
| 184|0x0000000757000000, 0x0000000757200000, 0x0000000757200000|100%| O|  |TAMS 0x0000000757200000, 0x0000000757200000| Untracked 
| 185|0x0000000757200000, 0x0000000757400000, 0x0000000757400000|100%| O|  |TAMS 0x0000000757400000, 0x0000000757400000| Untracked 
| 186|0x0000000757400000, 0x0000000757600000, 0x0000000757600000|100%| O|  |TAMS 0x0000000757600000, 0x0000000757600000| Untracked 
| 187|0x0000000757600000, 0x0000000757800000, 0x0000000757800000|100%| O|  |TAMS 0x0000000757800000, 0x0000000757800000| Untracked 
| 188|0x0000000757800000, 0x0000000757a00000, 0x0000000757a00000|100%| O|  |TAMS 0x0000000757a00000, 0x0000000757a00000| Untracked 
| 189|0x0000000757a00000, 0x0000000757c00000, 0x0000000757c00000|100%| O|  |TAMS 0x0000000757c00000, 0x0000000757c00000| Untracked 
| 190|0x0000000757c00000, 0x0000000757e00000, 0x0000000757e00000|100%| O|  |TAMS 0x0000000757e00000, 0x0000000757e00000| Untracked 
| 191|0x0000000757e00000, 0x0000000758000000, 0x0000000758000000|100%| O|  |TAMS 0x0000000758000000, 0x0000000758000000| Untracked 
| 192|0x0000000758000000, 0x0000000758200000, 0x0000000758200000|100%| O|  |TAMS 0x0000000758200000, 0x0000000758200000| Untracked 
| 193|0x0000000758200000, 0x0000000758200000, 0x0000000758400000|  0%| F|  |TAMS 0x0000000758200000, 0x0000000758200000| Untracked 
| 194|0x0000000758400000, 0x0000000758600000, 0x0000000758600000|100%| O|  |TAMS 0x0000000758600000, 0x0000000758600000| Untracked 
| 195|0x0000000758600000, 0x0000000758800000, 0x0000000758800000|100%| O|  |TAMS 0x0000000758800000, 0x0000000758800000| Untracked 
| 196|0x0000000758800000, 0x0000000758a00000, 0x0000000758a00000|100%| O|  |TAMS 0x0000000758a00000, 0x0000000758a00000| Untracked 
| 197|0x0000000758a00000, 0x0000000758c00000, 0x0000000758c00000|100%| O|  |TAMS 0x0000000758c00000, 0x0000000758c00000| Untracked 
| 198|0x0000000758c00000, 0x0000000758e00000, 0x0000000758e00000|100%| O|  |TAMS 0x0000000758e00000, 0x0000000758e00000| Untracked 
| 199|0x0000000758e00000, 0x0000000759000000, 0x0000000759000000|100%| O|  |TAMS 0x0000000759000000, 0x0000000759000000| Untracked 
| 200|0x0000000759000000, 0x0000000759200000, 0x0000000759200000|100%| O|  |TAMS 0x0000000759200000, 0x0000000759200000| Untracked 
| 201|0x0000000759200000, 0x0000000759400000, 0x0000000759400000|100%| O|  |TAMS 0x0000000759400000, 0x0000000759400000| Untracked 
| 202|0x0000000759400000, 0x0000000759600000, 0x0000000759600000|100%| O|  |TAMS 0x0000000759600000, 0x0000000759600000| Untracked 
| 203|0x0000000759600000, 0x0000000759800000, 0x0000000759800000|100%| O|  |TAMS 0x0000000759800000, 0x0000000759800000| Untracked 
| 204|0x0000000759800000, 0x0000000759a00000, 0x0000000759a00000|100%| O|  |TAMS 0x0000000759a00000, 0x0000000759a00000| Untracked 
| 205|0x0000000759a00000, 0x0000000759a00000, 0x0000000759c00000|  0%| F|  |TAMS 0x0000000759a00000, 0x0000000759a00000| Untracked 
| 206|0x0000000759c00000, 0x0000000759e00000, 0x0000000759e00000|100%| O|  |TAMS 0x0000000759e00000, 0x0000000759e00000| Untracked 
| 207|0x0000000759e00000, 0x000000075a000000, 0x000000075a000000|100%| O|  |TAMS 0x000000075a000000, 0x000000075a000000| Untracked 
| 208|0x000000075a000000, 0x000000075a200000, 0x000000075a200000|100%| O|  |TAMS 0x000000075a200000, 0x000000075a200000| Untracked 
| 209|0x000000075a200000, 0x000000075a400000, 0x000000075a400000|100%| O|  |TAMS 0x000000075a400000, 0x000000075a400000| Untracked 
| 210|0x000000075a400000, 0x000000075a600000, 0x000000075a600000|100%| O|  |TAMS 0x000000075a600000, 0x000000075a600000| Untracked 
| 211|0x000000075a600000, 0x000000075a800000, 0x000000075a800000|100%| O|  |TAMS 0x000000075a800000, 0x000000075a800000| Untracked 
| 212|0x000000075a800000, 0x000000075a800000, 0x000000075aa00000|  0%| F|  |TAMS 0x000000075a800000, 0x000000075a800000| Untracked 
| 213|0x000000075aa00000, 0x000000075ac00000, 0x000000075ac00000|100%| O|  |TAMS 0x000000075ac00000, 0x000000075ac00000| Untracked 
| 214|0x000000075ac00000, 0x000000075ae00000, 0x000000075ae00000|100%| O|  |TAMS 0x000000075ae00000, 0x000000075ae00000| Untracked 
| 215|0x000000075ae00000, 0x000000075b000000, 0x000000075b000000|100%| O|  |TAMS 0x000000075b000000, 0x000000075b000000| Untracked 
| 216|0x000000075b000000, 0x000000075b200000, 0x000000075b200000|100%| O|  |TAMS 0x000000075b200000, 0x000000075b200000| Untracked 
| 217|0x000000075b200000, 0x000000075b400000, 0x000000075b400000|100%| O|  |TAMS 0x000000075b400000, 0x000000075b400000| Untracked 
| 218|0x000000075b400000, 0x000000075b400000, 0x000000075b600000|  0%| F|  |TAMS 0x000000075b400000, 0x000000075b400000| Untracked 
| 219|0x000000075b600000, 0x000000075b800000, 0x000000075b800000|100%| O|  |TAMS 0x000000075b800000, 0x000000075b800000| Untracked 
| 220|0x000000075b800000, 0x000000075ba00000, 0x000000075ba00000|100%| O|  |TAMS 0x000000075ba00000, 0x000000075ba00000| Untracked 
| 221|0x000000075ba00000, 0x000000075bc00000, 0x000000075bc00000|100%| O|  |TAMS 0x000000075bc00000, 0x000000075bc00000| Untracked 
| 222|0x000000075bc00000, 0x000000075be00000, 0x000000075be00000|100%| O|  |TAMS 0x000000075be00000, 0x000000075be00000| Untracked 
| 223|0x000000075be00000, 0x000000075c000000, 0x000000075c000000|100%| O|  |TAMS 0x000000075c000000, 0x000000075c000000| Untracked 
| 224|0x000000075c000000, 0x000000075c000000, 0x000000075c200000|  0%| F|  |TAMS 0x000000075c000000, 0x000000075c000000| Untracked 
| 225|0x000000075c200000, 0x000000075c400000, 0x000000075c400000|100%| O|  |TAMS 0x000000075c400000, 0x000000075c400000| Untracked 
| 226|0x000000075c400000, 0x000000075c600000, 0x000000075c600000|100%| O|  |TAMS 0x000000075c600000, 0x000000075c600000| Untracked 
| 227|0x000000075c600000, 0x000000075c800000, 0x000000075c800000|100%| O|  |TAMS 0x000000075c800000, 0x000000075c800000| Untracked 
| 228|0x000000075c800000, 0x000000075ca00000, 0x000000075ca00000|100%| O|  |TAMS 0x000000075ca00000, 0x000000075ca00000| Untracked 
| 229|0x000000075ca00000, 0x000000075cc00000, 0x000000075cc00000|100%| O|  |TAMS 0x000000075cc00000, 0x000000075cc00000| Untracked 
| 230|0x000000075cc00000, 0x000000075ce00000, 0x000000075ce00000|100%| O|  |TAMS 0x000000075ce00000, 0x000000075ce00000| Untracked 
| 231|0x000000075ce00000, 0x000000075d000000, 0x000000075d000000|100%| O|  |TAMS 0x000000075d000000, 0x000000075d000000| Untracked 
| 232|0x000000075d000000, 0x000000075d200000, 0x000000075d200000|100%| O|  |TAMS 0x000000075d200000, 0x000000075d200000| Untracked 
| 233|0x000000075d200000, 0x000000075d400000, 0x000000075d400000|100%| O|  |TAMS 0x000000075d400000, 0x000000075d400000| Untracked 
| 234|0x000000075d400000, 0x000000075d600000, 0x000000075d600000|100%| O|  |TAMS 0x000000075d600000, 0x000000075d600000| Untracked 
| 235|0x000000075d600000, 0x000000075d800000, 0x000000075d800000|100%| O|  |TAMS 0x000000075d800000, 0x000000075d800000| Untracked 
| 236|0x000000075d800000, 0x000000075da00000, 0x000000075da00000|100%| O|  |TAMS 0x000000075da00000, 0x000000075da00000| Untracked 
| 237|0x000000075da00000, 0x000000075dc00000, 0x000000075dc00000|100%| O|  |TAMS 0x000000075dc00000, 0x000000075dc00000| Untracked 
| 238|0x000000075dc00000, 0x000000075de00000, 0x000000075de00000|100%| O|  |TAMS 0x000000075de00000, 0x000000075de00000| Untracked 
| 239|0x000000075de00000, 0x000000075e000000, 0x000000075e000000|100%| O|  |TAMS 0x000000075e000000, 0x000000075e000000| Untracked 
| 240|0x000000075e000000, 0x000000075e200000, 0x000000075e200000|100%| O|  |TAMS 0x000000075e200000, 0x000000075e200000| Untracked 
| 241|0x000000075e200000, 0x000000075e200000, 0x000000075e400000|  0%| F|  |TAMS 0x000000075e200000, 0x000000075e200000| Untracked 
| 242|0x000000075e400000, 0x000000075e600000, 0x000000075e600000|100%| O|  |TAMS 0x000000075e600000, 0x000000075e600000| Untracked 
| 243|0x000000075e600000, 0x000000075e800000, 0x000000075e800000|100%|HS|  |TAMS 0x000000075e800000, 0x000000075e800000| Complete 
| 244|0x000000075e800000, 0x000000075ea00000, 0x000000075ea00000|100%| O|  |TAMS 0x000000075ea00000, 0x000000075ea00000| Untracked 
| 245|0x000000075ea00000, 0x000000075ec00000, 0x000000075ec00000|100%| O|  |TAMS 0x000000075ec00000, 0x000000075ec00000| Untracked 
| 246|0x000000075ec00000, 0x000000075ee00000, 0x000000075ee00000|100%| O|  |TAMS 0x000000075ee00000, 0x000000075ee00000| Untracked 
| 247|0x000000075ee00000, 0x000000075f000000, 0x000000075f000000|100%| O|  |TAMS 0x000000075f000000, 0x000000075f000000| Untracked 
| 248|0x000000075f000000, 0x000000075f200000, 0x000000075f200000|100%| O|  |TAMS 0x000000075f200000, 0x000000075f200000| Untracked 
| 249|0x000000075f200000, 0x000000075f400000, 0x000000075f400000|100%| O|  |TAMS 0x000000075f400000, 0x000000075f400000| Untracked 
| 250|0x000000075f400000, 0x000000075f600000, 0x000000075f600000|100%| O|  |TAMS 0x000000075f600000, 0x000000075f600000| Untracked 
| 251|0x000000075f600000, 0x000000075f800000, 0x000000075f800000|100%| O|  |TAMS 0x000000075f800000, 0x000000075f800000| Untracked 
| 252|0x000000075f800000, 0x000000075fa00000, 0x000000075fa00000|100%| O|  |TAMS 0x000000075fa00000, 0x000000075fa00000| Untracked 
| 253|0x000000075fa00000, 0x000000075fa00000, 0x000000075fc00000|  0%| F|  |TAMS 0x000000075fa00000, 0x000000075fa00000| Untracked 
| 254|0x000000075fc00000, 0x000000075fe00000, 0x000000075fe00000|100%| O|  |TAMS 0x000000075fe00000, 0x000000075fe00000| Untracked 
| 255|0x000000075fe00000, 0x000000075fe00000, 0x0000000760000000|  0%| F|  |TAMS 0x000000075fe00000, 0x000000075fe00000| Untracked 
| 256|0x0000000760000000, 0x0000000760200000, 0x0000000760200000|100%| O|  |TAMS 0x0000000760200000, 0x0000000760200000| Untracked 
| 257|0x0000000760200000, 0x0000000760400000, 0x0000000760400000|100%| O|  |TAMS 0x0000000760400000, 0x0000000760400000| Untracked 
| 258|0x0000000760400000, 0x0000000760400000, 0x0000000760600000|  0%| F|  |TAMS 0x0000000760400000, 0x0000000760400000| Untracked 
| 259|0x0000000760600000, 0x0000000760600000, 0x0000000760800000|  0%| F|  |TAMS 0x0000000760600000, 0x0000000760600000| Untracked 
| 260|0x0000000760800000, 0x0000000760a00000, 0x0000000760a00000|100%| O|  |TAMS 0x0000000760a00000, 0x0000000760a00000| Untracked 
| 261|0x0000000760a00000, 0x0000000760a00000, 0x0000000760c00000|  0%| F|  |TAMS 0x0000000760a00000, 0x0000000760a00000| Untracked 
| 262|0x0000000760c00000, 0x0000000760e00000, 0x0000000760e00000|100%| O|  |TAMS 0x0000000760e00000, 0x0000000760e00000| Untracked 
| 263|0x0000000760e00000, 0x0000000761000000, 0x0000000761000000|100%| O|  |TAMS 0x0000000761000000, 0x0000000761000000| Untracked 
| 264|0x0000000761000000, 0x0000000761200000, 0x0000000761200000|100%| O|  |TAMS 0x0000000761200000, 0x0000000761200000| Untracked 
| 265|0x0000000761200000, 0x0000000761200000, 0x0000000761400000|  0%| F|  |TAMS 0x0000000761200000, 0x0000000761200000| Untracked 
| 266|0x0000000761400000, 0x0000000761400000, 0x0000000761600000|  0%| F|  |TAMS 0x0000000761400000, 0x0000000761400000| Untracked 
| 267|0x0000000761600000, 0x0000000761800000, 0x0000000761800000|100%| O|  |TAMS 0x0000000761800000, 0x0000000761800000| Untracked 
| 268|0x0000000761800000, 0x0000000761a00000, 0x0000000761a00000|100%| O|  |TAMS 0x0000000761a00000, 0x0000000761a00000| Untracked 
| 269|0x0000000761a00000, 0x0000000761c00000, 0x0000000761c00000|100%| O|  |TAMS 0x0000000761c00000, 0x0000000761c00000| Untracked 
| 270|0x0000000761c00000, 0x0000000761e00000, 0x0000000761e00000|100%| O|  |TAMS 0x0000000761c00000, 0x0000000761e00000| Untracked 
| 271|0x0000000761e00000, 0x0000000761e00000, 0x0000000762000000|  0%| F|  |TAMS 0x0000000761e00000, 0x0000000761e00000| Untracked 
| 272|0x0000000762000000, 0x0000000762000000, 0x0000000762200000|  0%| F|  |TAMS 0x0000000762000000, 0x0000000762000000| Untracked 
| 273|0x0000000762200000, 0x0000000762200000, 0x0000000762400000|  0%| F|  |TAMS 0x0000000762200000, 0x0000000762200000| Untracked 
| 274|0x0000000762400000, 0x0000000762600000, 0x0000000762600000|100%| O|  |TAMS 0x0000000762600000, 0x0000000762600000| Untracked 
| 275|0x0000000762600000, 0x0000000762800000, 0x0000000762800000|100%| O|  |TAMS 0x0000000762800000, 0x0000000762800000| Untracked 
| 276|0x0000000762800000, 0x0000000762800000, 0x0000000762a00000|  0%| F|  |TAMS 0x0000000762800000, 0x0000000762800000| Untracked 
| 277|0x0000000762a00000, 0x0000000762c00000, 0x0000000762c00000|100%| O|  |TAMS 0x0000000762a00000, 0x0000000762c00000| Untracked 
| 278|0x0000000762c00000, 0x0000000762e00000, 0x0000000762e00000|100%| O|  |TAMS 0x0000000762c00000, 0x0000000762e00000| Untracked 
| 279|0x0000000762e00000, 0x0000000763000000, 0x0000000763000000|100%| O|  |TAMS 0x0000000763000000, 0x0000000763000000| Untracked 
| 280|0x0000000763000000, 0x0000000763000000, 0x0000000763200000|  0%| F|  |TAMS 0x0000000763000000, 0x0000000763000000| Untracked 
| 281|0x0000000763200000, 0x0000000763200000, 0x0000000763400000|  0%| F|  |TAMS 0x0000000763200000, 0x0000000763200000| Untracked 
| 282|0x0000000763400000, 0x0000000763400000, 0x0000000763600000|  0%| F|  |TAMS 0x0000000763400000, 0x0000000763400000| Untracked 
| 283|0x0000000763600000, 0x0000000763600000, 0x0000000763800000|  0%| F|  |TAMS 0x0000000763600000, 0x0000000763600000| Untracked 
| 284|0x0000000763800000, 0x0000000763800000, 0x0000000763a00000|  0%| F|  |TAMS 0x0000000763800000, 0x0000000763800000| Untracked 
| 285|0x0000000763a00000, 0x0000000763a00000, 0x0000000763c00000|  0%| F|  |TAMS 0x0000000763a00000, 0x0000000763a00000| Untracked 
| 286|0x0000000763c00000, 0x0000000763c00000, 0x0000000763e00000|  0%| F|  |TAMS 0x0000000763c00000, 0x0000000763c00000| Untracked 
| 287|0x0000000763e00000, 0x0000000763e00000, 0x0000000764000000|  0%| F|  |TAMS 0x0000000763e00000, 0x0000000763e00000| Untracked 
| 288|0x0000000764000000, 0x0000000764200000, 0x0000000764200000|100%| O|  |TAMS 0x0000000764200000, 0x0000000764200000| Untracked 
| 289|0x0000000764200000, 0x0000000764400000, 0x0000000764400000|100%| O|  |TAMS 0x0000000764400000, 0x0000000764400000| Untracked 
| 290|0x0000000764400000, 0x0000000764600000, 0x0000000764600000|100%| O|  |TAMS 0x0000000764600000, 0x0000000764600000| Untracked 
| 291|0x0000000764600000, 0x0000000764600000, 0x0000000764800000|  0%| F|  |TAMS 0x0000000764600000, 0x0000000764600000| Untracked 
| 292|0x0000000764800000, 0x0000000764800000, 0x0000000764a00000|  0%| F|  |TAMS 0x0000000764800000, 0x0000000764800000| Untracked 
| 293|0x0000000764a00000, 0x0000000764c00000, 0x0000000764c00000|100%| O|  |TAMS 0x0000000764c00000, 0x0000000764c00000| Untracked 
| 294|0x0000000764c00000, 0x0000000764c00000, 0x0000000764e00000|  0%| F|  |TAMS 0x0000000764c00000, 0x0000000764c00000| Untracked 
| 295|0x0000000764e00000, 0x0000000765000000, 0x0000000765000000|100%| O|  |TAMS 0x0000000765000000, 0x0000000765000000| Untracked 
| 296|0x0000000765000000, 0x0000000765000000, 0x0000000765200000|  0%| F|  |TAMS 0x0000000765000000, 0x0000000765000000| Untracked 
| 297|0x0000000765200000, 0x0000000765200000, 0x0000000765400000|  0%| F|  |TAMS 0x0000000765200000, 0x0000000765200000| Untracked 
| 298|0x0000000765400000, 0x0000000765600000, 0x0000000765600000|100%| O|  |TAMS 0x0000000765600000, 0x0000000765600000| Untracked 
| 299|0x0000000765600000, 0x0000000765800000, 0x0000000765800000|100%| O|  |TAMS 0x0000000765800000, 0x0000000765800000| Untracked 
| 300|0x0000000765800000, 0x0000000765a00000, 0x0000000765a00000|100%| O|  |TAMS 0x0000000765a00000, 0x0000000765a00000| Untracked 
| 301|0x0000000765a00000, 0x0000000765c00000, 0x0000000765c00000|100%| O|  |TAMS 0x0000000765c00000, 0x0000000765c00000| Untracked 
| 302|0x0000000765c00000, 0x0000000765e00000, 0x0000000765e00000|100%| O|  |TAMS 0x0000000765e00000, 0x0000000765e00000| Untracked 
| 303|0x0000000765e00000, 0x0000000766000000, 0x0000000766000000|100%| O|  |TAMS 0x0000000766000000, 0x0000000766000000| Untracked 
| 304|0x0000000766000000, 0x0000000766000000, 0x0000000766200000|  0%| F|  |TAMS 0x0000000766000000, 0x0000000766000000| Untracked 
| 305|0x0000000766200000, 0x0000000766400000, 0x0000000766400000|100%| O|  |TAMS 0x0000000766400000, 0x0000000766400000| Untracked 
| 306|0x0000000766400000, 0x0000000766400000, 0x0000000766600000|  0%| F|  |TAMS 0x0000000766400000, 0x0000000766400000| Untracked 
| 307|0x0000000766600000, 0x0000000766800000, 0x0000000766800000|100%| O|  |TAMS 0x0000000766800000, 0x0000000766800000| Untracked 
| 308|0x0000000766800000, 0x0000000766a00000, 0x0000000766a00000|100%| O|  |TAMS 0x0000000766a00000, 0x0000000766a00000| Untracked 
| 309|0x0000000766a00000, 0x0000000766c00000, 0x0000000766c00000|100%| O|  |TAMS 0x0000000766c00000, 0x0000000766c00000| Untracked 
| 310|0x0000000766c00000, 0x0000000766c00000, 0x0000000766e00000|  0%| F|  |TAMS 0x0000000766c00000, 0x0000000766c00000| Untracked 
| 311|0x0000000766e00000, 0x0000000766e00000, 0x0000000767000000|  0%| F|  |TAMS 0x0000000766e00000, 0x0000000766e00000| Untracked 
| 312|0x0000000767000000, 0x0000000767200000, 0x0000000767200000|100%| O|  |TAMS 0x0000000767200000, 0x0000000767200000| Untracked 
| 313|0x0000000767200000, 0x0000000767200000, 0x0000000767400000|  0%| F|  |TAMS 0x0000000767200000, 0x0000000767200000| Untracked 
| 314|0x0000000767400000, 0x0000000767400000, 0x0000000767600000|  0%| F|  |TAMS 0x0000000767400000, 0x0000000767400000| Untracked 
| 315|0x0000000767600000, 0x0000000767600000, 0x0000000767800000|  0%| F|  |TAMS 0x0000000767600000, 0x0000000767600000| Untracked 
| 316|0x0000000767800000, 0x0000000767a00000, 0x0000000767a00000|100%| O|  |TAMS 0x0000000767a00000, 0x0000000767a00000| Untracked 
| 317|0x0000000767a00000, 0x0000000767c00000, 0x0000000767c00000|100%| O|  |TAMS 0x0000000767c00000, 0x0000000767c00000| Untracked 
| 318|0x0000000767c00000, 0x0000000767e00000, 0x0000000767e00000|100%| O|  |TAMS 0x0000000767e00000, 0x0000000767e00000| Untracked 
| 319|0x0000000767e00000, 0x0000000768000000, 0x0000000768000000|100%| O|  |TAMS 0x0000000768000000, 0x0000000768000000| Untracked 
| 320|0x0000000768000000, 0x0000000768000000, 0x0000000768200000|  0%| F|  |TAMS 0x0000000768000000, 0x0000000768000000| Untracked 
| 321|0x0000000768200000, 0x0000000768200000, 0x0000000768400000|  0%| F|  |TAMS 0x0000000768200000, 0x0000000768200000| Untracked 
| 322|0x0000000768400000, 0x0000000768600000, 0x0000000768600000|100%| O|  |TAMS 0x0000000768600000, 0x0000000768600000| Untracked 
| 323|0x0000000768600000, 0x0000000768600000, 0x0000000768800000|  0%| F|  |TAMS 0x0000000768600000, 0x0000000768600000| Untracked 
| 324|0x0000000768800000, 0x0000000768a00000, 0x0000000768a00000|100%| O|  |TAMS 0x0000000768a00000, 0x0000000768a00000| Untracked 
| 325|0x0000000768a00000, 0x0000000768c00000, 0x0000000768c00000|100%| O|  |TAMS 0x0000000768c00000, 0x0000000768c00000| Untracked 
| 326|0x0000000768c00000, 0x0000000768e00000, 0x0000000768e00000|100%| O|  |TAMS 0x0000000768e00000, 0x0000000768e00000| Untracked 
| 327|0x0000000768e00000, 0x0000000769000000, 0x0000000769000000|100%| O|  |TAMS 0x0000000769000000, 0x0000000769000000| Untracked 
| 328|0x0000000769000000, 0x0000000769200000, 0x0000000769200000|100%| O|  |TAMS 0x0000000769200000, 0x0000000769200000| Untracked 
| 329|0x0000000769200000, 0x0000000769400000, 0x0000000769400000|100%| O|  |TAMS 0x0000000769400000, 0x0000000769400000| Untracked 
| 330|0x0000000769400000, 0x0000000769600000, 0x0000000769600000|100%| O|  |TAMS 0x0000000769600000, 0x0000000769600000| Untracked 
| 331|0x0000000769600000, 0x0000000769800000, 0x0000000769800000|100%| O|  |TAMS 0x0000000769800000, 0x0000000769800000| Untracked 
| 332|0x0000000769800000, 0x0000000769a00000, 0x0000000769a00000|100%| O|  |TAMS 0x0000000769a00000, 0x0000000769a00000| Untracked 
| 333|0x0000000769a00000, 0x0000000769c00000, 0x0000000769c00000|100%| O|  |TAMS 0x0000000769c00000, 0x0000000769c00000| Untracked 
| 334|0x0000000769c00000, 0x0000000769c00000, 0x0000000769e00000|  0%| F|  |TAMS 0x0000000769c00000, 0x0000000769c00000| Untracked 
| 335|0x0000000769e00000, 0x000000076a000000, 0x000000076a000000|100%| O|  |TAMS 0x000000076a000000, 0x000000076a000000| Untracked 
| 336|0x000000076a000000, 0x000000076a200000, 0x000000076a200000|100%| O|  |TAMS 0x000000076a200000, 0x000000076a200000| Untracked 
| 337|0x000000076a200000, 0x000000076a400000, 0x000000076a400000|100%| O|  |TAMS 0x000000076a400000, 0x000000076a400000| Untracked 
| 338|0x000000076a400000, 0x000000076a600000, 0x000000076a600000|100%| O|  |TAMS 0x000000076a600000, 0x000000076a600000| Untracked 
| 339|0x000000076a600000, 0x000000076a800000, 0x000000076a800000|100%| O|  |TAMS 0x000000076a800000, 0x000000076a800000| Untracked 
| 340|0x000000076a800000, 0x000000076a800000, 0x000000076aa00000|  0%| F|  |TAMS 0x000000076a800000, 0x000000076a800000| Untracked 
| 341|0x000000076aa00000, 0x000000076aa00000, 0x000000076ac00000|  0%| F|  |TAMS 0x000000076aa00000, 0x000000076aa00000| Untracked 
| 342|0x000000076ac00000, 0x000000076ac00000, 0x000000076ae00000|  0%| F|  |TAMS 0x000000076ac00000, 0x000000076ac00000| Untracked 
| 343|0x000000076ae00000, 0x000000076b000000, 0x000000076b000000|100%| O|  |TAMS 0x000000076b000000, 0x000000076b000000| Untracked 
| 344|0x000000076b000000, 0x000000076b200000, 0x000000076b200000|100%| O|  |TAMS 0x000000076b200000, 0x000000076b200000| Untracked 
| 345|0x000000076b200000, 0x000000076b400000, 0x000000076b400000|100%| O|  |TAMS 0x000000076b400000, 0x000000076b400000| Untracked 
| 346|0x000000076b400000, 0x000000076b400000, 0x000000076b600000|  0%| F|  |TAMS 0x000000076b400000, 0x000000076b400000| Untracked 
| 347|0x000000076b600000, 0x000000076b600000, 0x000000076b800000|  0%| F|  |TAMS 0x000000076b600000, 0x000000076b600000| Untracked 
| 348|0x000000076b800000, 0x000000076b800000, 0x000000076ba00000|  0%| F|  |TAMS 0x000000076b800000, 0x000000076b800000| Untracked 
| 349|0x000000076ba00000, 0x000000076ba00000, 0x000000076bc00000|  0%| F|  |TAMS 0x000000076ba00000, 0x000000076ba00000| Untracked 
| 350|0x000000076bc00000, 0x000000076be00000, 0x000000076be00000|100%| O|  |TAMS 0x000000076be00000, 0x000000076be00000| Untracked 
| 351|0x000000076be00000, 0x000000076c000000, 0x000000076c000000|100%| O|  |TAMS 0x000000076c000000, 0x000000076c000000| Untracked 
| 352|0x000000076c000000, 0x000000076c200000, 0x000000076c200000|100%| O|  |TAMS 0x000000076c200000, 0x000000076c200000| Untracked 
| 353|0x000000076c200000, 0x000000076c400000, 0x000000076c400000|100%| O|  |TAMS 0x000000076c400000, 0x000000076c400000| Untracked 
| 354|0x000000076c400000, 0x000000076c600000, 0x000000076c600000|100%| O|  |TAMS 0x000000076c600000, 0x000000076c600000| Untracked 
| 355|0x000000076c600000, 0x000000076c800000, 0x000000076c800000|100%| O|  |TAMS 0x000000076c800000, 0x000000076c800000| Untracked 
| 356|0x000000076c800000, 0x000000076ca00000, 0x000000076ca00000|100%| O|  |TAMS 0x000000076ca00000, 0x000000076ca00000| Untracked 
| 357|0x000000076ca00000, 0x000000076cc00000, 0x000000076cc00000|100%| O|  |TAMS 0x000000076cc00000, 0x000000076cc00000| Untracked 
| 358|0x000000076cc00000, 0x000000076ce00000, 0x000000076ce00000|100%| O|  |TAMS 0x000000076ce00000, 0x000000076ce00000| Untracked 
| 359|0x000000076ce00000, 0x000000076ce00000, 0x000000076d000000|  0%| F|  |TAMS 0x000000076ce00000, 0x000000076ce00000| Untracked 
| 360|0x000000076d000000, 0x000000076d000000, 0x000000076d200000|  0%| F|  |TAMS 0x000000076d000000, 0x000000076d000000| Untracked 
| 361|0x000000076d200000, 0x000000076d200000, 0x000000076d400000|  0%| F|  |TAMS 0x000000076d200000, 0x000000076d200000| Untracked 
| 362|0x000000076d400000, 0x000000076d600000, 0x000000076d600000|100%| O|  |TAMS 0x000000076d600000, 0x000000076d600000| Untracked 
| 363|0x000000076d600000, 0x000000076d800000, 0x000000076d800000|100%| O|  |TAMS 0x000000076d800000, 0x000000076d800000| Untracked 
| 364|0x000000076d800000, 0x000000076da00000, 0x000000076da00000|100%| O|  |TAMS 0x000000076da00000, 0x000000076da00000| Untracked 
| 365|0x000000076da00000, 0x000000076dc00000, 0x000000076dc00000|100%| O|  |TAMS 0x000000076dc00000, 0x000000076dc00000| Untracked 
| 366|0x000000076dc00000, 0x000000076de00000, 0x000000076de00000|100%| O|  |TAMS 0x000000076de00000, 0x000000076de00000| Untracked 
| 367|0x000000076de00000, 0x000000076e000000, 0x000000076e000000|100%| O|  |TAMS 0x000000076e000000, 0x000000076e000000| Untracked 
| 368|0x000000076e000000, 0x000000076e200000, 0x000000076e200000|100%| O|  |TAMS 0x000000076e200000, 0x000000076e200000| Untracked 
| 369|0x000000076e200000, 0x000000076e400000, 0x000000076e400000|100%| O|  |TAMS 0x000000076e2e9a00, 0x000000076e400000| Untracked 
| 370|0x000000076e400000, 0x000000076e600000, 0x000000076e600000|100%| O|  |TAMS 0x000000076e400000, 0x000000076e600000| Untracked 
| 371|0x000000076e600000, 0x000000076e800000, 0x000000076e800000|100%| O|  |TAMS 0x000000076e600000, 0x000000076e800000| Untracked 
| 372|0x000000076e800000, 0x000000076ea00000, 0x000000076ea00000|100%| O|  |TAMS 0x000000076e800000, 0x000000076ea00000| Untracked 
| 373|0x000000076ea00000, 0x000000076ec00000, 0x000000076ec00000|100%| O|  |TAMS 0x000000076ea00000, 0x000000076ec00000| Untracked 
| 374|0x000000076ec00000, 0x000000076ec00000, 0x000000076ee00000|  0%| F|  |TAMS 0x000000076ec00000, 0x000000076ec00000| Untracked 
| 375|0x000000076ee00000, 0x000000076f000000, 0x000000076f000000|100%| O|  |TAMS 0x000000076f000000, 0x000000076f000000| Untracked 
| 376|0x000000076f000000, 0x000000076f000000, 0x000000076f200000|  0%| F|  |TAMS 0x000000076f000000, 0x000000076f000000| Untracked 
| 377|0x000000076f200000, 0x000000076f400000, 0x000000076f400000|100%| O|  |TAMS 0x000000076f200000, 0x000000076f400000| Untracked 
| 378|0x000000076f400000, 0x000000076f600000, 0x000000076f600000|100%| O|  |TAMS 0x000000076f400000, 0x000000076f600000| Untracked 
| 379|0x000000076f600000, 0x000000076f800000, 0x000000076f800000|100%| O|  |TAMS 0x000000076f600000, 0x000000076f800000| Untracked 
| 380|0x000000076f800000, 0x000000076fa00000, 0x000000076fa00000|100%| O|  |TAMS 0x000000076fa00000, 0x000000076fa00000| Untracked 
| 381|0x000000076fa00000, 0x000000076fc00000, 0x000000076fc00000|100%| O|  |TAMS 0x000000076fa00000, 0x000000076fc00000| Untracked 
| 382|0x000000076fc00000, 0x000000076fe00000, 0x000000076fe00000|100%| O|  |TAMS 0x000000076fc00000, 0x000000076fe00000| Untracked 
| 383|0x000000076fe00000, 0x0000000770000000, 0x0000000770000000|100%| O|  |TAMS 0x000000076fe00000, 0x0000000770000000| Untracked 
| 384|0x0000000770000000, 0x0000000770200000, 0x0000000770200000|100%| O|  |TAMS 0x0000000770200000, 0x0000000770200000| Untracked 
| 385|0x0000000770200000, 0x0000000770400000, 0x0000000770400000|100%| O|  |TAMS 0x0000000770200000, 0x0000000770400000| Untracked 
| 386|0x0000000770400000, 0x0000000770600000, 0x0000000770600000|100%| O|  |TAMS 0x0000000770600000, 0x0000000770600000| Untracked 
| 387|0x0000000770600000, 0x0000000770800000, 0x0000000770800000|100%| O|  |TAMS 0x0000000770800000, 0x0000000770800000| Untracked 
| 388|0x0000000770800000, 0x0000000770a00000, 0x0000000770a00000|100%| O|  |TAMS 0x0000000770800000, 0x0000000770a00000| Untracked 
| 389|0x0000000770a00000, 0x0000000770a00000, 0x0000000770c00000|  0%| F|  |TAMS 0x0000000770a00000, 0x0000000770a00000| Untracked 
| 390|0x0000000770c00000, 0x0000000770e00000, 0x0000000770e00000|100%| O|  |TAMS 0x0000000770c00000, 0x0000000770e00000| Untracked 
| 391|0x0000000770e00000, 0x0000000771000000, 0x0000000771000000|100%| O|  |TAMS 0x0000000770e00000, 0x0000000771000000| Untracked 
| 392|0x0000000771000000, 0x0000000771200000, 0x0000000771200000|100%| O|  |TAMS 0x0000000771200000, 0x0000000771200000| Untracked 
| 393|0x0000000771200000, 0x0000000771400000, 0x0000000771400000|100%| O|  |TAMS 0x0000000771400000, 0x0000000771400000| Untracked 
| 394|0x0000000771400000, 0x0000000771400000, 0x0000000771600000|  0%| F|  |TAMS 0x0000000771400000, 0x0000000771400000| Untracked 
| 395|0x0000000771600000, 0x0000000771800000, 0x0000000771800000|100%| O|  |TAMS 0x0000000771600000, 0x0000000771800000| Untracked 
| 396|0x0000000771800000, 0x0000000771800000, 0x0000000771a00000|  0%| F|  |TAMS 0x0000000771800000, 0x0000000771800000| Untracked 
| 397|0x0000000771a00000, 0x0000000771a00000, 0x0000000771c00000|  0%| F|  |TAMS 0x0000000771a00000, 0x0000000771a00000| Untracked 
| 398|0x0000000771c00000, 0x0000000771c00000, 0x0000000771e00000|  0%| F|  |TAMS 0x0000000771c00000, 0x0000000771c00000| Untracked 
| 399|0x0000000771e00000, 0x0000000771e00000, 0x0000000772000000|  0%| F|  |TAMS 0x0000000771e00000, 0x0000000771e00000| Untracked 
| 400|0x0000000772000000, 0x0000000772000000, 0x0000000772200000|  0%| F|  |TAMS 0x0000000772000000, 0x0000000772000000| Untracked 
| 401|0x0000000772200000, 0x0000000772400000, 0x0000000772400000|100%| O|  |TAMS 0x0000000772400000, 0x0000000772400000| Untracked 
| 402|0x0000000772400000, 0x0000000772400000, 0x0000000772600000|  0%| F|  |TAMS 0x0000000772400000, 0x0000000772400000| Untracked 
| 403|0x0000000772600000, 0x0000000772800000, 0x0000000772800000|100%| O|  |TAMS 0x0000000772800000, 0x0000000772800000| Untracked 
| 404|0x0000000772800000, 0x0000000772a00000, 0x0000000772a00000|100%| O|  |TAMS 0x0000000772800000, 0x0000000772a00000| Untracked 
| 405|0x0000000772a00000, 0x0000000772a00000, 0x0000000772c00000|  0%| F|  |TAMS 0x0000000772a00000, 0x0000000772a00000| Untracked 
| 406|0x0000000772c00000, 0x0000000772c00000, 0x0000000772e00000|  0%| F|  |TAMS 0x0000000772c00000, 0x0000000772c00000| Untracked 
| 407|0x0000000772e00000, 0x0000000773000000, 0x0000000773000000|100%| O|  |TAMS 0x0000000773000000, 0x0000000773000000| Untracked 
| 408|0x0000000773000000, 0x0000000773000000, 0x0000000773200000|  0%| F|  |TAMS 0x0000000773000000, 0x0000000773000000| Untracked 
| 409|0x0000000773200000, 0x0000000773400000, 0x0000000773400000|100%| O|  |TAMS 0x0000000773200000, 0x0000000773400000| Untracked 
| 410|0x0000000773400000, 0x0000000773400000, 0x0000000773600000|  0%| F|  |TAMS 0x0000000773400000, 0x0000000773400000| Untracked 
| 411|0x0000000773600000, 0x0000000773800000, 0x0000000773800000|100%| O|  |TAMS 0x0000000773600000, 0x0000000773800000| Untracked 
| 412|0x0000000773800000, 0x0000000773a00000, 0x0000000773a00000|100%| O|  |TAMS 0x0000000773a00000, 0x0000000773a00000| Untracked 
| 413|0x0000000773a00000, 0x0000000773a00000, 0x0000000773c00000|  0%| F|  |TAMS 0x0000000773a00000, 0x0000000773a00000| Untracked 
| 414|0x0000000773c00000, 0x0000000773c00000, 0x0000000773e00000|  0%| F|  |TAMS 0x0000000773c00000, 0x0000000773c00000| Untracked 
| 415|0x0000000773e00000, 0x0000000773e00000, 0x0000000774000000|  0%| F|  |TAMS 0x0000000773e00000, 0x0000000773e00000| Untracked 
| 416|0x0000000774000000, 0x0000000774200000, 0x0000000774200000|100%| O|  |TAMS 0x0000000774000000, 0x0000000774200000| Untracked 
| 417|0x0000000774200000, 0x0000000774400000, 0x0000000774400000|100%| O|  |TAMS 0x0000000774200000, 0x0000000774400000| Untracked 
| 418|0x0000000774400000, 0x0000000774400000, 0x0000000774600000|  0%| F|  |TAMS 0x0000000774400000, 0x0000000774400000| Untracked 
| 419|0x0000000774600000, 0x0000000774600000, 0x0000000774800000|  0%| F|  |TAMS 0x0000000774600000, 0x0000000774600000| Untracked 
| 420|0x0000000774800000, 0x0000000774a00000, 0x0000000774a00000|100%| O|  |TAMS 0x0000000774800000, 0x0000000774a00000| Untracked 
| 421|0x0000000774a00000, 0x0000000774c00000, 0x0000000774c00000|100%| O|  |TAMS 0x0000000774c00000, 0x0000000774c00000| Untracked 
| 422|0x0000000774c00000, 0x0000000774e00000, 0x0000000774e00000|100%| O|  |TAMS 0x0000000774e00000, 0x0000000774e00000| Untracked 
| 423|0x0000000774e00000, 0x0000000774e00000, 0x0000000775000000|  0%| F|  |TAMS 0x0000000774e00000, 0x0000000774e00000| Untracked 
| 424|0x0000000775000000, 0x0000000775000000, 0x0000000775200000|  0%| F|  |TAMS 0x0000000775000000, 0x0000000775000000| Untracked 
| 425|0x0000000775200000, 0x0000000775400000, 0x0000000775400000|100%| O|  |TAMS 0x0000000775200000, 0x0000000775400000| Untracked 
| 426|0x0000000775400000, 0x0000000775600000, 0x0000000775600000|100%| O|  |TAMS 0x0000000775400000, 0x0000000775600000| Untracked 
| 427|0x0000000775600000, 0x0000000775800000, 0x0000000775800000|100%| O|  |TAMS 0x0000000775600000, 0x0000000775800000| Untracked 
| 428|0x0000000775800000, 0x0000000775a00000, 0x0000000775a00000|100%| O|  |TAMS 0x0000000775a00000, 0x0000000775a00000| Untracked 
| 429|0x0000000775a00000, 0x0000000775c00000, 0x0000000775c00000|100%| O|  |TAMS 0x0000000775c00000, 0x0000000775c00000| Untracked 
| 430|0x0000000775c00000, 0x0000000775e00000, 0x0000000775e00000|100%| O|  |TAMS 0x0000000775c00000, 0x0000000775e00000| Untracked 
| 431|0x0000000775e00000, 0x0000000776000000, 0x0000000776000000|100%| O|  |TAMS 0x0000000775e00000, 0x0000000776000000| Untracked 
| 432|0x0000000776000000, 0x0000000776200000, 0x0000000776200000|100%| O|  |TAMS 0x0000000776000000, 0x0000000776200000| Untracked 
| 433|0x0000000776200000, 0x0000000776400000, 0x0000000776400000|100%| O|  |TAMS 0x0000000776400000, 0x0000000776400000| Untracked 
| 434|0x0000000776400000, 0x0000000776600000, 0x0000000776600000|100%| O|  |TAMS 0x0000000776600000, 0x0000000776600000| Untracked 
| 435|0x0000000776600000, 0x0000000776800000, 0x0000000776800000|100%| O|  |TAMS 0x0000000776800000, 0x0000000776800000| Untracked 
| 436|0x0000000776800000, 0x0000000776a00000, 0x0000000776a00000|100%| O|  |TAMS 0x0000000776800000, 0x0000000776a00000| Untracked 
| 437|0x0000000776a00000, 0x0000000776c00000, 0x0000000776c00000|100%| O|  |TAMS 0x0000000776a00000, 0x0000000776c00000| Untracked 
| 438|0x0000000776c00000, 0x0000000776e00000, 0x0000000776e00000|100%| O|  |TAMS 0x0000000776c00000, 0x0000000776e00000| Untracked 
| 439|0x0000000776e00000, 0x0000000777000000, 0x0000000777000000|100%| O|  |TAMS 0x0000000776e00000, 0x0000000777000000| Untracked 
| 440|0x0000000777000000, 0x0000000777200000, 0x0000000777200000|100%| O|  |TAMS 0x0000000777200000, 0x0000000777200000| Untracked 
| 441|0x0000000777200000, 0x0000000777400000, 0x0000000777400000|100%|HS|  |TAMS 0x0000000777200000, 0x0000000777400000| Complete 
| 442|0x0000000777400000, 0x0000000777600000, 0x0000000777600000|100%| O|  |TAMS 0x0000000777600000, 0x0000000777600000| Untracked 
| 443|0x0000000777600000, 0x0000000777600000, 0x0000000777800000|  0%| F|  |TAMS 0x0000000777600000, 0x0000000777600000| Untracked 
| 444|0x0000000777800000, 0x0000000777800000, 0x0000000777a00000|  0%| F|  |TAMS 0x0000000777800000, 0x0000000777800000| Untracked 
| 445|0x0000000777a00000, 0x0000000777c00000, 0x0000000777c00000|100%| O|  |TAMS 0x0000000777c00000, 0x0000000777c00000| Untracked 
| 446|0x0000000777c00000, 0x0000000777e00000, 0x0000000777e00000|100%| O|  |TAMS 0x0000000777e00000, 0x0000000777e00000| Untracked 
| 447|0x0000000777e00000, 0x0000000778000000, 0x0000000778000000|100%| O|  |TAMS 0x0000000778000000, 0x0000000778000000| Untracked 
| 448|0x0000000778000000, 0x0000000778200000, 0x0000000778200000|100%| O|  |TAMS 0x0000000778000000, 0x0000000778200000| Untracked 
| 449|0x0000000778200000, 0x0000000778400000, 0x0000000778400000|100%| O|  |TAMS 0x0000000778200000, 0x0000000778400000| Untracked 
| 450|0x0000000778400000, 0x0000000778600000, 0x0000000778600000|100%| O|  |TAMS 0x0000000778400000, 0x0000000778600000| Untracked 
| 451|0x0000000778600000, 0x0000000778800000, 0x0000000778800000|100%| O|  |TAMS 0x0000000778600000, 0x0000000778800000| Untracked 
| 452|0x0000000778800000, 0x0000000778a00000, 0x0000000778a00000|100%| O|  |TAMS 0x0000000778800000, 0x0000000778a00000| Untracked 
| 453|0x0000000778a00000, 0x0000000778c00000, 0x0000000778c00000|100%| O|  |TAMS 0x0000000778a00000, 0x0000000778c00000| Untracked 
| 454|0x0000000778c00000, 0x0000000778e00000, 0x0000000778e00000|100%| O|  |TAMS 0x0000000778c00000, 0x0000000778e00000| Untracked 
| 455|0x0000000778e00000, 0x0000000779000000, 0x0000000779000000|100%| O|  |TAMS 0x0000000778e00000, 0x0000000779000000| Untracked 
| 456|0x0000000779000000, 0x0000000779200000, 0x0000000779200000|100%| O|  |TAMS 0x0000000779000000, 0x0000000779200000| Untracked 
| 457|0x0000000779200000, 0x0000000779400000, 0x0000000779400000|100%| O|  |TAMS 0x0000000779200000, 0x0000000779400000| Untracked 
| 458|0x0000000779400000, 0x0000000779600000, 0x0000000779600000|100%| O|  |TAMS 0x0000000779400000, 0x0000000779600000| Untracked 
| 459|0x0000000779600000, 0x0000000779800000, 0x0000000779800000|100%| O|  |TAMS 0x0000000779800000, 0x0000000779800000| Untracked 
| 460|0x0000000779800000, 0x0000000779a00000, 0x0000000779a00000|100%| O|  |TAMS 0x0000000779800000, 0x0000000779a00000| Untracked 
| 461|0x0000000779a00000, 0x0000000779c00000, 0x0000000779c00000|100%| O|  |TAMS 0x0000000779a00000, 0x0000000779c00000| Untracked 
| 462|0x0000000779c00000, 0x0000000779e00000, 0x0000000779e00000|100%| O|  |TAMS 0x0000000779c00000, 0x0000000779e00000| Untracked 
| 463|0x0000000779e00000, 0x000000077a000000, 0x000000077a000000|100%| O|  |TAMS 0x0000000779e00000, 0x000000077a000000| Untracked 
| 464|0x000000077a000000, 0x000000077a200000, 0x000000077a200000|100%| O|  |TAMS 0x000000077a000000, 0x000000077a200000| Untracked 
| 465|0x000000077a200000, 0x000000077a400000, 0x000000077a400000|100%| O|  |TAMS 0x000000077a200000, 0x000000077a400000| Untracked 
| 466|0x000000077a400000, 0x000000077a600000, 0x000000077a600000|100%| O|  |TAMS 0x000000077a400000, 0x000000077a600000| Untracked 
| 467|0x000000077a600000, 0x000000077a800000, 0x000000077a800000|100%| O|  |TAMS 0x000000077a600000, 0x000000077a800000| Untracked 
| 468|0x000000077a800000, 0x000000077aa00000, 0x000000077aa00000|100%| O|  |TAMS 0x000000077a800000, 0x000000077aa00000| Untracked 
| 469|0x000000077aa00000, 0x000000077ac00000, 0x000000077ac00000|100%| O|  |TAMS 0x000000077aa00000, 0x000000077ac00000| Untracked 
| 470|0x000000077ac00000, 0x000000077ae00000, 0x000000077ae00000|100%| O|  |TAMS 0x000000077ac00000, 0x000000077ae00000| Untracked 
| 471|0x000000077ae00000, 0x000000077b000000, 0x000000077b000000|100%| O|  |TAMS 0x000000077ae00000, 0x000000077b000000| Untracked 
| 472|0x000000077b000000, 0x000000077b200000, 0x000000077b200000|100%| O|  |TAMS 0x000000077b000000, 0x000000077b200000| Untracked 
| 473|0x000000077b200000, 0x000000077b400000, 0x000000077b400000|100%| O|  |TAMS 0x000000077b200000, 0x000000077b400000| Untracked 
| 474|0x000000077b400000, 0x000000077b600000, 0x000000077b600000|100%| O|  |TAMS 0x000000077b400000, 0x000000077b600000| Untracked 
| 475|0x000000077b600000, 0x000000077b800000, 0x000000077b800000|100%| O|  |TAMS 0x000000077b600000, 0x000000077b800000| Untracked 
| 476|0x000000077b800000, 0x000000077ba00000, 0x000000077ba00000|100%| O|  |TAMS 0x000000077b800000, 0x000000077ba00000| Untracked 
| 477|0x000000077ba00000, 0x000000077bc00000, 0x000000077bc00000|100%| O|  |TAMS 0x000000077ba00000, 0x000000077bc00000| Untracked 
| 478|0x000000077bc00000, 0x000000077be00000, 0x000000077be00000|100%| O|  |TAMS 0x000000077bc00000, 0x000000077be00000| Untracked 
| 479|0x000000077be00000, 0x000000077c000000, 0x000000077c000000|100%| O|  |TAMS 0x000000077be00000, 0x000000077c000000| Untracked 
| 480|0x000000077c000000, 0x000000077c200000, 0x000000077c200000|100%| O|  |TAMS 0x000000077c000000, 0x000000077c200000| Untracked 
| 481|0x000000077c200000, 0x000000077c400000, 0x000000077c400000|100%| O|  |TAMS 0x000000077c200000, 0x000000077c400000| Untracked 
| 482|0x000000077c400000, 0x000000077c600000, 0x000000077c600000|100%| O|  |TAMS 0x000000077c400000, 0x000000077c600000| Untracked 
| 483|0x000000077c600000, 0x000000077c800000, 0x000000077c800000|100%| O|  |TAMS 0x000000077c600000, 0x000000077c800000| Untracked 
| 484|0x000000077c800000, 0x000000077ca00000, 0x000000077ca00000|100%| O|  |TAMS 0x000000077c800000, 0x000000077ca00000| Untracked 
| 485|0x000000077ca00000, 0x000000077cc00000, 0x000000077cc00000|100%| O|  |TAMS 0x000000077ca00000, 0x000000077cc00000| Untracked 
| 486|0x000000077cc00000, 0x000000077ce00000, 0x000000077ce00000|100%| O|  |TAMS 0x000000077cc00000, 0x000000077ce00000| Untracked 
| 487|0x000000077ce00000, 0x000000077d000000, 0x000000077d000000|100%| O|  |TAMS 0x000000077d000000, 0x000000077d000000| Untracked 
| 488|0x000000077d000000, 0x000000077d200000, 0x000000077d200000|100%| O|  |TAMS 0x000000077d000000, 0x000000077d200000| Untracked 
| 489|0x000000077d200000, 0x000000077d400000, 0x000000077d400000|100%| O|  |TAMS 0x000000077d200000, 0x000000077d400000| Untracked 
| 490|0x000000077d400000, 0x000000077d600000, 0x000000077d600000|100%| O|  |TAMS 0x000000077d400000, 0x000000077d600000| Untracked 
| 491|0x000000077d600000, 0x000000077d800000, 0x000000077d800000|100%| O|  |TAMS 0x000000077d800000, 0x000000077d800000| Untracked 
| 492|0x000000077d800000, 0x000000077da00000, 0x000000077da00000|100%| O|  |TAMS 0x000000077da00000, 0x000000077da00000| Untracked 
| 493|0x000000077da00000, 0x000000077dc00000, 0x000000077dc00000|100%| O|  |TAMS 0x000000077dc00000, 0x000000077dc00000| Untracked 
| 494|0x000000077dc00000, 0x000000077de00000, 0x000000077de00000|100%| O|  |TAMS 0x000000077de00000, 0x000000077de00000| Untracked 
| 495|0x000000077de00000, 0x000000077e000000, 0x000000077e000000|100%| O|  |TAMS 0x000000077e000000, 0x000000077e000000| Untracked 
| 496|0x000000077e000000, 0x000000077e200000, 0x000000077e200000|100%| O|  |TAMS 0x000000077e200000, 0x000000077e200000| Untracked 
| 497|0x000000077e200000, 0x000000077e400000, 0x000000077e400000|100%| O|  |TAMS 0x000000077e400000, 0x000000077e400000| Untracked 
| 498|0x000000077e400000, 0x000000077e600000, 0x000000077e600000|100%| O|  |TAMS 0x000000077e600000, 0x000000077e600000| Untracked 
| 499|0x000000077e600000, 0x000000077e800000, 0x000000077e800000|100%| O|  |TAMS 0x000000077e800000, 0x000000077e800000| Untracked 
| 500|0x000000077e800000, 0x000000077ea00000, 0x000000077ea00000|100%| O|  |TAMS 0x000000077ea00000, 0x000000077ea00000| Untracked 
| 501|0x000000077ea00000, 0x000000077ec00000, 0x000000077ec00000|100%| O|  |TAMS 0x000000077ec00000, 0x000000077ec00000| Untracked 
| 502|0x000000077ec00000, 0x000000077ee00000, 0x000000077ee00000|100%| O|  |TAMS 0x000000077ee00000, 0x000000077ee00000| Untracked 
| 503|0x000000077ee00000, 0x000000077f000000, 0x000000077f000000|100%| O|  |TAMS 0x000000077f000000, 0x000000077f000000| Untracked 
| 504|0x000000077f000000, 0x000000077f200000, 0x000000077f200000|100%| O|  |TAMS 0x000000077f200000, 0x000000077f200000| Untracked 
| 505|0x000000077f200000, 0x000000077f400000, 0x000000077f400000|100%| O|  |TAMS 0x000000077f400000, 0x000000077f400000| Untracked 
| 506|0x000000077f400000, 0x000000077f600000, 0x000000077f600000|100%| O|  |TAMS 0x000000077f600000, 0x000000077f600000| Untracked 
| 507|0x000000077f600000, 0x000000077f800000, 0x000000077f800000|100%| O|  |TAMS 0x000000077f800000, 0x000000077f800000| Untracked 
| 508|0x000000077f800000, 0x000000077fa00000, 0x000000077fa00000|100%| O|  |TAMS 0x000000077fa00000, 0x000000077fa00000| Untracked 
| 509|0x000000077fa00000, 0x000000077fc00000, 0x000000077fc00000|100%| O|  |TAMS 0x000000077fc00000, 0x000000077fc00000| Untracked 
| 510|0x000000077fc00000, 0x000000077fe00000, 0x000000077fe00000|100%| O|  |TAMS 0x000000077fe00000, 0x000000077fe00000| Untracked 
| 511|0x000000077fe00000, 0x0000000780000000, 0x0000000780000000|100%| O|  |TAMS 0x0000000780000000, 0x0000000780000000| Untracked 
| 512|0x0000000780000000, 0x0000000780200000, 0x0000000780200000|100%| O|  |TAMS 0x0000000780200000, 0x0000000780200000| Untracked 
| 513|0x0000000780200000, 0x0000000780400000, 0x0000000780400000|100%| O|  |TAMS 0x0000000780400000, 0x0000000780400000| Untracked 
| 514|0x0000000780400000, 0x0000000780400000, 0x0000000780600000|  0%| F|  |TAMS 0x0000000780400000, 0x0000000780400000| Untracked 
| 515|0x0000000780600000, 0x0000000780600000, 0x0000000780800000|  0%| F|  |TAMS 0x0000000780600000, 0x0000000780600000| Untracked 
| 516|0x0000000780800000, 0x0000000780800000, 0x0000000780a00000|  0%| F|  |TAMS 0x0000000780800000, 0x0000000780800000| Untracked 
| 517|0x0000000780a00000, 0x0000000780c00000, 0x0000000780c00000|100%| O|  |TAMS 0x0000000780c00000, 0x0000000780c00000| Untracked 
| 518|0x0000000780c00000, 0x0000000780e00000, 0x0000000780e00000|100%| O|  |TAMS 0x0000000780e00000, 0x0000000780e00000| Untracked 
| 519|0x0000000780e00000, 0x0000000780e00000, 0x0000000781000000|  0%| F|  |TAMS 0x0000000780e00000, 0x0000000780e00000| Untracked 
| 520|0x0000000781000000, 0x0000000781000000, 0x0000000781200000|  0%| F|  |TAMS 0x0000000781000000, 0x0000000781000000| Untracked 
| 521|0x0000000781200000, 0x0000000781200000, 0x0000000781400000|  0%| F|  |TAMS 0x0000000781200000, 0x0000000781200000| Untracked 
| 522|0x0000000781400000, 0x0000000781400000, 0x0000000781600000|  0%| F|  |TAMS 0x0000000781400000, 0x0000000781400000| Untracked 
| 523|0x0000000781600000, 0x0000000781800000, 0x0000000781800000|100%| O|  |TAMS 0x0000000781800000, 0x0000000781800000| Untracked 
| 524|0x0000000781800000, 0x0000000781800000, 0x0000000781a00000|  0%| F|  |TAMS 0x0000000781800000, 0x0000000781800000| Untracked 
| 525|0x0000000781a00000, 0x0000000781a00000, 0x0000000781c00000|  0%| F|  |TAMS 0x0000000781a00000, 0x0000000781a00000| Untracked 
| 526|0x0000000781c00000, 0x0000000781c00000, 0x0000000781e00000|  0%| F|  |TAMS 0x0000000781c00000, 0x0000000781c00000| Untracked 
| 527|0x0000000781e00000, 0x0000000781e00000, 0x0000000782000000|  0%| F|  |TAMS 0x0000000781e00000, 0x0000000781e00000| Untracked 
| 528|0x0000000782000000, 0x0000000782000000, 0x0000000782200000|  0%| F|  |TAMS 0x0000000782000000, 0x0000000782000000| Untracked 
| 529|0x0000000782200000, 0x0000000782200000, 0x0000000782400000|  0%| F|  |TAMS 0x0000000782200000, 0x0000000782200000| Untracked 
| 530|0x0000000782400000, 0x0000000782400000, 0x0000000782600000|  0%| F|  |TAMS 0x0000000782400000, 0x0000000782400000| Untracked 
| 531|0x0000000782600000, 0x0000000782600000, 0x0000000782800000|  0%| F|  |TAMS 0x0000000782600000, 0x0000000782600000| Untracked 
| 532|0x0000000782800000, 0x0000000782800000, 0x0000000782a00000|  0%| F|  |TAMS 0x0000000782800000, 0x0000000782800000| Untracked 
| 533|0x0000000782a00000, 0x0000000782c00000, 0x0000000782c00000|100%| O|  |TAMS 0x0000000782c00000, 0x0000000782c00000| Untracked 
| 534|0x0000000782c00000, 0x0000000782e00000, 0x0000000782e00000|100%| O|  |TAMS 0x0000000782c00000, 0x0000000782e00000| Untracked 
| 535|0x0000000782e00000, 0x0000000783000000, 0x0000000783000000|100%| O|  |TAMS 0x0000000782e00000, 0x0000000783000000| Untracked 
| 536|0x0000000783000000, 0x0000000783200000, 0x0000000783200000|100%| O|  |TAMS 0x0000000783000000, 0x0000000783200000| Untracked 
| 537|0x0000000783200000, 0x0000000783400000, 0x0000000783400000|100%| O|  |TAMS 0x0000000783200000, 0x0000000783400000| Untracked 
| 538|0x0000000783400000, 0x0000000783600000, 0x0000000783600000|100%| O|  |TAMS 0x0000000783400000, 0x0000000783600000| Untracked 
| 539|0x0000000783600000, 0x0000000783800000, 0x0000000783800000|100%| O|  |TAMS 0x0000000783600000, 0x0000000783800000| Untracked 
| 540|0x0000000783800000, 0x0000000783a00000, 0x0000000783a00000|100%| O|  |TAMS 0x0000000783800000, 0x0000000783a00000| Untracked 
| 541|0x0000000783a00000, 0x0000000783c00000, 0x0000000783c00000|100%| O|  |TAMS 0x0000000783a00000, 0x0000000783c00000| Untracked 
| 542|0x0000000783c00000, 0x0000000783e00000, 0x0000000783e00000|100%| O|  |TAMS 0x0000000783c00000, 0x0000000783e00000| Untracked 
| 543|0x0000000783e00000, 0x0000000784000000, 0x0000000784000000|100%| O|  |TAMS 0x0000000783e00000, 0x0000000784000000| Untracked 
| 544|0x0000000784000000, 0x0000000784200000, 0x0000000784200000|100%| O|  |TAMS 0x0000000784000000, 0x0000000784200000| Untracked 
| 545|0x0000000784200000, 0x0000000784400000, 0x0000000784400000|100%| O|  |TAMS 0x0000000784200000, 0x0000000784400000| Untracked 
| 546|0x0000000784400000, 0x0000000784600000, 0x0000000784600000|100%| O|  |TAMS 0x0000000784400000, 0x0000000784600000| Untracked 
| 547|0x0000000784600000, 0x0000000784800000, 0x0000000784800000|100%| O|  |TAMS 0x0000000784600000, 0x0000000784800000| Untracked 
| 548|0x0000000784800000, 0x0000000784a00000, 0x0000000784a00000|100%| O|  |TAMS 0x0000000784800000, 0x0000000784a00000| Untracked 
| 549|0x0000000784a00000, 0x0000000784c00000, 0x0000000784c00000|100%| O|  |TAMS 0x0000000784a00000, 0x0000000784c00000| Untracked 
| 550|0x0000000784c00000, 0x0000000784e00000, 0x0000000784e00000|100%| O|  |TAMS 0x0000000784c00000, 0x0000000784e00000| Untracked 
| 551|0x0000000784e00000, 0x0000000785000000, 0x0000000785000000|100%| O|  |TAMS 0x0000000784e00000, 0x0000000785000000| Untracked 
| 552|0x0000000785000000, 0x0000000785200000, 0x0000000785200000|100%| O|  |TAMS 0x0000000785000000, 0x0000000785200000| Untracked 
| 553|0x0000000785200000, 0x0000000785400000, 0x0000000785400000|100%| O|  |TAMS 0x0000000785200000, 0x0000000785400000| Untracked 
| 554|0x0000000785400000, 0x0000000785600000, 0x0000000785600000|100%| O|  |TAMS 0x0000000785400000, 0x0000000785600000| Untracked 
| 555|0x0000000785600000, 0x0000000785800000, 0x0000000785800000|100%| O|  |TAMS 0x0000000785600000, 0x0000000785800000| Untracked 
| 556|0x0000000785800000, 0x0000000785a00000, 0x0000000785a00000|100%| O|  |TAMS 0x0000000785800000, 0x0000000785a00000| Untracked 
| 557|0x0000000785a00000, 0x0000000785c00000, 0x0000000785c00000|100%| O|  |TAMS 0x0000000785a00000, 0x0000000785c00000| Untracked 
| 558|0x0000000785c00000, 0x0000000785c00000, 0x0000000785e00000|  0%| F|  |TAMS 0x0000000785c00000, 0x0000000785c00000| Untracked 
| 559|0x0000000785e00000, 0x0000000785e00000, 0x0000000786000000|  0%| F|  |TAMS 0x0000000785e00000, 0x0000000785e00000| Untracked 
| 560|0x0000000786000000, 0x0000000786000000, 0x0000000786200000|  0%| F|  |TAMS 0x0000000786000000, 0x0000000786000000| Untracked 
| 561|0x0000000786200000, 0x0000000786200000, 0x0000000786400000|  0%| F|  |TAMS 0x0000000786200000, 0x0000000786200000| Untracked 
| 562|0x0000000786400000, 0x0000000786400000, 0x0000000786600000|  0%| F|  |TAMS 0x0000000786400000, 0x0000000786400000| Untracked 
| 563|0x0000000786600000, 0x0000000786600000, 0x0000000786800000|  0%| F|  |TAMS 0x0000000786600000, 0x0000000786600000| Untracked 
| 564|0x0000000786800000, 0x0000000786800000, 0x0000000786a00000|  0%| F|  |TAMS 0x0000000786800000, 0x0000000786800000| Untracked 
| 565|0x0000000786a00000, 0x0000000786a00000, 0x0000000786c00000|  0%| F|  |TAMS 0x0000000786a00000, 0x0000000786a00000| Untracked 
| 566|0x0000000786c00000, 0x0000000786c00000, 0x0000000786e00000|  0%| F|  |TAMS 0x0000000786c00000, 0x0000000786c00000| Untracked 
| 567|0x0000000786e00000, 0x0000000786e00000, 0x0000000787000000|  0%| F|  |TAMS 0x0000000786e00000, 0x0000000786e00000| Untracked 
| 568|0x0000000787000000, 0x0000000787000000, 0x0000000787200000|  0%| F|  |TAMS 0x0000000787000000, 0x0000000787000000| Untracked 
| 569|0x0000000787200000, 0x0000000787200000, 0x0000000787400000|  0%| F|  |TAMS 0x0000000787200000, 0x0000000787200000| Untracked 
| 570|0x0000000787400000, 0x0000000787400000, 0x0000000787600000|  0%| F|  |TAMS 0x0000000787400000, 0x0000000787400000| Untracked 
| 571|0x0000000787600000, 0x0000000787600000, 0x0000000787800000|  0%| F|  |TAMS 0x0000000787600000, 0x0000000787600000| Untracked 
| 572|0x0000000787800000, 0x0000000787800000, 0x0000000787a00000|  0%| F|  |TAMS 0x0000000787800000, 0x0000000787800000| Untracked 
| 573|0x0000000787a00000, 0x0000000787a00000, 0x0000000787c00000|  0%| F|  |TAMS 0x0000000787a00000, 0x0000000787a00000| Untracked 
| 574|0x0000000787c00000, 0x0000000787c00000, 0x0000000787e00000|  0%| F|  |TAMS 0x0000000787c00000, 0x0000000787c00000| Untracked 
| 575|0x0000000787e00000, 0x0000000787e00000, 0x0000000788000000|  0%| F|  |TAMS 0x0000000787e00000, 0x0000000787e00000| Untracked 
| 576|0x0000000788000000, 0x0000000788000000, 0x0000000788200000|  0%| F|  |TAMS 0x0000000788000000, 0x0000000788000000| Untracked 
| 577|0x0000000788200000, 0x0000000788200000, 0x0000000788400000|  0%| F|  |TAMS 0x0000000788200000, 0x0000000788200000| Untracked 
| 578|0x0000000788400000, 0x0000000788400000, 0x0000000788600000|  0%| F|  |TAMS 0x0000000788400000, 0x0000000788400000| Untracked 
| 579|0x0000000788600000, 0x0000000788600000, 0x0000000788800000|  0%| F|  |TAMS 0x0000000788600000, 0x0000000788600000| Untracked 
| 580|0x0000000788800000, 0x0000000788800000, 0x0000000788a00000|  0%| F|  |TAMS 0x0000000788800000, 0x0000000788800000| Untracked 
| 581|0x0000000788a00000, 0x0000000788a00000, 0x0000000788c00000|  0%| F|  |TAMS 0x0000000788a00000, 0x0000000788a00000| Untracked 
| 582|0x0000000788c00000, 0x0000000788c00000, 0x0000000788e00000|  0%| F|  |TAMS 0x0000000788c00000, 0x0000000788c00000| Untracked 
| 583|0x0000000788e00000, 0x0000000788e00000, 0x0000000789000000|  0%| F|  |TAMS 0x0000000788e00000, 0x0000000788e00000| Untracked 
| 584|0x0000000789000000, 0x0000000789000000, 0x0000000789200000|  0%| F|  |TAMS 0x0000000789000000, 0x0000000789000000| Untracked 
| 585|0x0000000789200000, 0x0000000789200000, 0x0000000789400000|  0%| F|  |TAMS 0x0000000789200000, 0x0000000789200000| Untracked 
| 586|0x0000000789400000, 0x0000000789400000, 0x0000000789600000|  0%| F|  |TAMS 0x0000000789400000, 0x0000000789400000| Untracked 
| 587|0x0000000789600000, 0x0000000789600000, 0x0000000789800000|  0%| F|  |TAMS 0x0000000789600000, 0x0000000789600000| Untracked 
| 588|0x0000000789800000, 0x0000000789800000, 0x0000000789a00000|  0%| F|  |TAMS 0x0000000789800000, 0x0000000789800000| Untracked 
| 589|0x0000000789a00000, 0x0000000789a00000, 0x0000000789c00000|  0%| F|  |TAMS 0x0000000789a00000, 0x0000000789a00000| Untracked 
| 590|0x0000000789c00000, 0x0000000789c00000, 0x0000000789e00000|  0%| F|  |TAMS 0x0000000789c00000, 0x0000000789c00000| Untracked 
| 591|0x0000000789e00000, 0x0000000789e00000, 0x000000078a000000|  0%| F|  |TAMS 0x0000000789e00000, 0x0000000789e00000| Untracked 
| 592|0x000000078a000000, 0x000000078a000000, 0x000000078a200000|  0%| F|  |TAMS 0x000000078a000000, 0x000000078a000000| Untracked 
| 593|0x000000078a200000, 0x000000078a200000, 0x000000078a400000|  0%| F|  |TAMS 0x000000078a200000, 0x000000078a200000| Untracked 
| 594|0x000000078a400000, 0x000000078a400000, 0x000000078a600000|  0%| F|  |TAMS 0x000000078a400000, 0x000000078a400000| Untracked 
| 595|0x000000078a600000, 0x000000078a600000, 0x000000078a800000|  0%| F|  |TAMS 0x000000078a600000, 0x000000078a600000| Untracked 
| 596|0x000000078a800000, 0x000000078a800000, 0x000000078aa00000|  0%| F|  |TAMS 0x000000078a800000, 0x000000078a800000| Untracked 
| 597|0x000000078aa00000, 0x000000078aa00000, 0x000000078ac00000|  0%| F|  |TAMS 0x000000078aa00000, 0x000000078aa00000| Untracked 
| 598|0x000000078ac00000, 0x000000078ac00000, 0x000000078ae00000|  0%| F|  |TAMS 0x000000078ac00000, 0x000000078ac00000| Untracked 
| 599|0x000000078ae00000, 0x000000078ae00000, 0x000000078b000000|  0%| F|  |TAMS 0x000000078ae00000, 0x000000078ae00000| Untracked 
| 600|0x000000078b000000, 0x000000078b000000, 0x000000078b200000|  0%| F|  |TAMS 0x000000078b000000, 0x000000078b000000| Untracked 
| 601|0x000000078b200000, 0x000000078b200000, 0x000000078b400000|  0%| F|  |TAMS 0x000000078b200000, 0x000000078b200000| Untracked 
| 602|0x000000078b400000, 0x000000078b400000, 0x000000078b600000|  0%| F|  |TAMS 0x000000078b400000, 0x000000078b400000| Untracked 
| 603|0x000000078b600000, 0x000000078b600000, 0x000000078b800000|  0%| F|  |TAMS 0x000000078b600000, 0x000000078b600000| Untracked 
| 604|0x000000078b800000, 0x000000078b800000, 0x000000078ba00000|  0%| F|  |TAMS 0x000000078b800000, 0x000000078b800000| Untracked 
| 605|0x000000078ba00000, 0x000000078ba00000, 0x000000078bc00000|  0%| F|  |TAMS 0x000000078ba00000, 0x000000078ba00000| Untracked 
| 606|0x000000078bc00000, 0x000000078bc00000, 0x000000078be00000|  0%| F|  |TAMS 0x000000078bc00000, 0x000000078bc00000| Untracked 
| 607|0x000000078be00000, 0x000000078be00000, 0x000000078c000000|  0%| F|  |TAMS 0x000000078be00000, 0x000000078be00000| Untracked 
| 608|0x000000078c000000, 0x000000078c000000, 0x000000078c200000|  0%| F|  |TAMS 0x000000078c000000, 0x000000078c000000| Untracked 
| 609|0x000000078c200000, 0x000000078c200000, 0x000000078c400000|  0%| F|  |TAMS 0x000000078c200000, 0x000000078c200000| Untracked 
| 610|0x000000078c400000, 0x000000078c400000, 0x000000078c600000|  0%| F|  |TAMS 0x000000078c400000, 0x000000078c400000| Untracked 
| 611|0x000000078c600000, 0x000000078c600000, 0x000000078c800000|  0%| F|  |TAMS 0x000000078c600000, 0x000000078c600000| Untracked 
| 612|0x000000078c800000, 0x000000078c800000, 0x000000078ca00000|  0%| F|  |TAMS 0x000000078c800000, 0x000000078c800000| Untracked 
| 613|0x000000078ca00000, 0x000000078ca00000, 0x000000078cc00000|  0%| F|  |TAMS 0x000000078ca00000, 0x000000078ca00000| Untracked 
| 614|0x000000078cc00000, 0x000000078cc00000, 0x000000078ce00000|  0%| F|  |TAMS 0x000000078cc00000, 0x000000078cc00000| Untracked 
| 615|0x000000078ce00000, 0x000000078ce00000, 0x000000078d000000|  0%| F|  |TAMS 0x000000078ce00000, 0x000000078ce00000| Untracked 
| 616|0x000000078d000000, 0x000000078d1e51e0, 0x000000078d200000| 94%| S|CS|TAMS 0x000000078d000000, 0x000000078d000000| Complete 
| 617|0x000000078d200000, 0x000000078d400000, 0x000000078d400000|100%| S|CS|TAMS 0x000000078d200000, 0x000000078d200000| Complete 
| 618|0x000000078d400000, 0x000000078d600000, 0x000000078d600000|100%| S|CS|TAMS 0x000000078d400000, 0x000000078d400000| Complete 
| 619|0x000000078d600000, 0x000000078d800000, 0x000000078d800000|100%| S|CS|TAMS 0x000000078d600000, 0x000000078d600000| Complete 
| 620|0x000000078d800000, 0x000000078da00000, 0x000000078da00000|100%| S|CS|TAMS 0x000000078d800000, 0x000000078d800000| Complete 
| 621|0x000000078da00000, 0x000000078dc00000, 0x000000078dc00000|100%| S|CS|TAMS 0x000000078da00000, 0x000000078da00000| Complete 
| 622|0x000000078dc00000, 0x000000078de00000, 0x000000078de00000|100%| S|CS|TAMS 0x000000078dc00000, 0x000000078dc00000| Complete 
| 623|0x000000078de00000, 0x000000078e000000, 0x000000078e000000|100%| S|CS|TAMS 0x000000078de00000, 0x000000078de00000| Complete 
| 624|0x000000078e000000, 0x000000078e200000, 0x000000078e200000|100%| S|CS|TAMS 0x000000078e000000, 0x000000078e000000| Complete 
| 625|0x000000078e200000, 0x000000078e400000, 0x000000078e400000|100%| S|CS|TAMS 0x000000078e200000, 0x000000078e200000| Complete 
| 626|0x000000078e400000, 0x000000078e600000, 0x000000078e600000|100%| S|CS|TAMS 0x000000078e400000, 0x000000078e400000| Complete 
| 627|0x000000078e600000, 0x000000078e800000, 0x000000078e800000|100%| S|CS|TAMS 0x000000078e600000, 0x000000078e600000| Complete 
| 628|0x000000078e800000, 0x000000078ea00000, 0x000000078ea00000|100%| S|CS|TAMS 0x000000078e800000, 0x000000078e800000| Complete 
| 629|0x000000078ea00000, 0x000000078ec00000, 0x000000078ec00000|100%| S|CS|TAMS 0x000000078ea00000, 0x000000078ea00000| Complete 
| 630|0x000000078ec00000, 0x000000078ee00000, 0x000000078ee00000|100%| S|CS|TAMS 0x000000078ec00000, 0x000000078ec00000| Complete 
| 631|0x000000078ee00000, 0x000000078f000000, 0x000000078f000000|100%| S|CS|TAMS 0x000000078ee00000, 0x000000078ee00000| Complete 
| 632|0x000000078f000000, 0x000000078f200000, 0x000000078f200000|100%| S|CS|TAMS 0x000000078f000000, 0x000000078f000000| Complete 
| 633|0x000000078f200000, 0x000000078f400000, 0x000000078f400000|100%| S|CS|TAMS 0x000000078f200000, 0x000000078f200000| Complete 
| 634|0x000000078f400000, 0x000000078f600000, 0x000000078f600000|100%| S|CS|TAMS 0x000000078f400000, 0x000000078f400000| Complete 
| 635|0x000000078f600000, 0x000000078f800000, 0x000000078f800000|100%| S|CS|TAMS 0x000000078f600000, 0x000000078f600000| Complete 
| 636|0x000000078f800000, 0x000000078fa00000, 0x000000078fa00000|100%| S|CS|TAMS 0x000000078f800000, 0x000000078f800000| Complete 
| 637|0x000000078fa00000, 0x000000078fc00000, 0x000000078fc00000|100%| S|CS|TAMS 0x000000078fa00000, 0x000000078fa00000| Complete 
| 638|0x000000078fc00000, 0x000000078fe00000, 0x000000078fe00000|100%| S|CS|TAMS 0x000000078fc00000, 0x000000078fc00000| Complete 
| 639|0x000000078fe00000, 0x0000000790000000, 0x0000000790000000|100%| S|CS|TAMS 0x000000078fe00000, 0x000000078fe00000| Complete 
| 640|0x0000000790000000, 0x0000000790200000, 0x0000000790200000|100%| S|CS|TAMS 0x0000000790000000, 0x0000000790000000| Complete 
| 641|0x0000000790200000, 0x0000000790400000, 0x0000000790400000|100%| S|CS|TAMS 0x0000000790200000, 0x0000000790200000| Complete 
| 642|0x0000000790400000, 0x0000000790600000, 0x0000000790600000|100%| S|CS|TAMS 0x0000000790400000, 0x0000000790400000| Complete 
| 643|0x0000000790600000, 0x0000000790800000, 0x0000000790800000|100%| S|CS|TAMS 0x0000000790600000, 0x0000000790600000| Complete 
| 644|0x0000000790800000, 0x0000000790a00000, 0x0000000790a00000|100%| S|CS|TAMS 0x0000000790800000, 0x0000000790800000| Complete 
| 645|0x0000000790a00000, 0x0000000790c00000, 0x0000000790c00000|100%| S|CS|TAMS 0x0000000790a00000, 0x0000000790a00000| Complete 
| 646|0x0000000790c00000, 0x0000000790e00000, 0x0000000790e00000|100%| S|CS|TAMS 0x0000000790c00000, 0x0000000790c00000| Complete 
| 647|0x0000000790e00000, 0x0000000791000000, 0x0000000791000000|100%| S|CS|TAMS 0x0000000790e00000, 0x0000000790e00000| Complete 
| 648|0x0000000791000000, 0x0000000791200000, 0x0000000791200000|100%| S|CS|TAMS 0x0000000791000000, 0x0000000791000000| Complete 
| 649|0x0000000791200000, 0x0000000791400000, 0x0000000791400000|100%| S|CS|TAMS 0x0000000791200000, 0x0000000791200000| Complete 
| 650|0x0000000791400000, 0x0000000791400000, 0x0000000791600000|  0%| F|  |TAMS 0x0000000791400000, 0x0000000791400000| Untracked 
| 651|0x0000000791600000, 0x0000000791600000, 0x0000000791800000|  0%| F|  |TAMS 0x0000000791600000, 0x0000000791600000| Untracked 
| 652|0x0000000791800000, 0x0000000791800000, 0x0000000791a00000|  0%| F|  |TAMS 0x0000000791800000, 0x0000000791800000| Untracked 
| 653|0x0000000791a00000, 0x0000000791a00000, 0x0000000791c00000|  0%| F|  |TAMS 0x0000000791a00000, 0x0000000791a00000| Untracked 
| 654|0x0000000791c00000, 0x0000000791c00000, 0x0000000791e00000|  0%| F|  |TAMS 0x0000000791c00000, 0x0000000791c00000| Untracked 
| 655|0x0000000791e00000, 0x0000000791e00000, 0x0000000792000000|  0%| F|  |TAMS 0x0000000791e00000, 0x0000000791e00000| Untracked 
| 656|0x0000000792000000, 0x0000000792000000, 0x0000000792200000|  0%| F|  |TAMS 0x0000000792000000, 0x0000000792000000| Untracked 
| 657|0x0000000792200000, 0x0000000792200000, 0x0000000792400000|  0%| F|  |TAMS 0x0000000792200000, 0x0000000792200000| Untracked 
| 658|0x0000000792400000, 0x0000000792400000, 0x0000000792600000|  0%| F|  |TAMS 0x0000000792400000, 0x0000000792400000| Untracked 
| 659|0x0000000792600000, 0x0000000792600000, 0x0000000792800000|  0%| F|  |TAMS 0x0000000792600000, 0x0000000792600000| Untracked 
| 660|0x0000000792800000, 0x0000000792800000, 0x0000000792a00000|  0%| F|  |TAMS 0x0000000792800000, 0x0000000792800000| Untracked 
| 661|0x0000000792a00000, 0x0000000792a00000, 0x0000000792c00000|  0%| F|  |TAMS 0x0000000792a00000, 0x0000000792a00000| Untracked 
| 662|0x0000000792c00000, 0x0000000792c00000, 0x0000000792e00000|  0%| F|  |TAMS 0x0000000792c00000, 0x0000000792c00000| Untracked 
| 663|0x0000000792e00000, 0x0000000792e00000, 0x0000000793000000|  0%| F|  |TAMS 0x0000000792e00000, 0x0000000792e00000| Untracked 
| 664|0x0000000793000000, 0x0000000793000000, 0x0000000793200000|  0%| F|  |TAMS 0x0000000793000000, 0x0000000793000000| Untracked 
| 665|0x0000000793200000, 0x0000000793200000, 0x0000000793400000|  0%| F|  |TAMS 0x0000000793200000, 0x0000000793200000| Untracked 
| 666|0x0000000793400000, 0x0000000793400000, 0x0000000793600000|  0%| F|  |TAMS 0x0000000793400000, 0x0000000793400000| Untracked 
| 667|0x0000000793600000, 0x0000000793600000, 0x0000000793800000|  0%| F|  |TAMS 0x0000000793600000, 0x0000000793600000| Untracked 
| 668|0x0000000793800000, 0x0000000793800000, 0x0000000793a00000|  0%| F|  |TAMS 0x0000000793800000, 0x0000000793800000| Untracked 
| 669|0x0000000793a00000, 0x0000000793a00000, 0x0000000793c00000|  0%| F|  |TAMS 0x0000000793a00000, 0x0000000793a00000| Untracked 
| 670|0x0000000793c00000, 0x0000000793c00000, 0x0000000793e00000|  0%| F|  |TAMS 0x0000000793c00000, 0x0000000793c00000| Untracked 
| 671|0x0000000793e00000, 0x0000000793e00000, 0x0000000794000000|  0%| F|  |TAMS 0x0000000793e00000, 0x0000000793e00000| Untracked 
| 672|0x0000000794000000, 0x0000000794000000, 0x0000000794200000|  0%| F|  |TAMS 0x0000000794000000, 0x0000000794000000| Untracked 
| 673|0x0000000794200000, 0x0000000794200000, 0x0000000794400000|  0%| F|  |TAMS 0x0000000794200000, 0x0000000794200000| Untracked 
| 674|0x0000000794400000, 0x0000000794400000, 0x0000000794600000|  0%| F|  |TAMS 0x0000000794400000, 0x0000000794400000| Untracked 
| 675|0x0000000794600000, 0x0000000794600000, 0x0000000794800000|  0%| F|  |TAMS 0x0000000794600000, 0x0000000794600000| Untracked 
| 676|0x0000000794800000, 0x0000000794800000, 0x0000000794a00000|  0%| F|  |TAMS 0x0000000794800000, 0x0000000794800000| Untracked 
| 677|0x0000000794a00000, 0x0000000794a00000, 0x0000000794c00000|  0%| F|  |TAMS 0x0000000794a00000, 0x0000000794a00000| Untracked 
| 678|0x0000000794c00000, 0x0000000794c00000, 0x0000000794e00000|  0%| F|  |TAMS 0x0000000794c00000, 0x0000000794c00000| Untracked 
| 679|0x0000000794e00000, 0x0000000794e00000, 0x0000000795000000|  0%| F|  |TAMS 0x0000000794e00000, 0x0000000794e00000| Untracked 
| 680|0x0000000795000000, 0x0000000795000000, 0x0000000795200000|  0%| F|  |TAMS 0x0000000795000000, 0x0000000795000000| Untracked 
| 681|0x0000000795200000, 0x0000000795200000, 0x0000000795400000|  0%| F|  |TAMS 0x0000000795200000, 0x0000000795200000| Untracked 
| 682|0x0000000795400000, 0x0000000795400000, 0x0000000795600000|  0%| F|  |TAMS 0x0000000795400000, 0x0000000795400000| Untracked 
| 683|0x0000000795600000, 0x0000000795600000, 0x0000000795800000|  0%| F|  |TAMS 0x0000000795600000, 0x0000000795600000| Untracked 
| 684|0x0000000795800000, 0x0000000795800000, 0x0000000795a00000|  0%| F|  |TAMS 0x0000000795800000, 0x0000000795800000| Untracked 
| 685|0x0000000795a00000, 0x0000000795a00000, 0x0000000795c00000|  0%| F|  |TAMS 0x0000000795a00000, 0x0000000795a00000| Untracked 
| 686|0x0000000795c00000, 0x0000000795c00000, 0x0000000795e00000|  0%| F|  |TAMS 0x0000000795c00000, 0x0000000795c00000| Untracked 
| 687|0x0000000795e00000, 0x0000000795e00000, 0x0000000796000000|  0%| F|  |TAMS 0x0000000795e00000, 0x0000000795e00000| Untracked 
| 688|0x0000000796000000, 0x0000000796000000, 0x0000000796200000|  0%| F|  |TAMS 0x0000000796000000, 0x0000000796000000| Untracked 
| 689|0x0000000796200000, 0x0000000796200000, 0x0000000796400000|  0%| F|  |TAMS 0x0000000796200000, 0x0000000796200000| Untracked 
| 690|0x0000000796400000, 0x0000000796400000, 0x0000000796600000|  0%| F|  |TAMS 0x0000000796400000, 0x0000000796400000| Untracked 
| 691|0x0000000796600000, 0x0000000796600000, 0x0000000796800000|  0%| F|  |TAMS 0x0000000796600000, 0x0000000796600000| Untracked 
| 692|0x0000000796800000, 0x0000000796800000, 0x0000000796a00000|  0%| F|  |TAMS 0x0000000796800000, 0x0000000796800000| Untracked 
| 693|0x0000000796a00000, 0x0000000796a00000, 0x0000000796c00000|  0%| F|  |TAMS 0x0000000796a00000, 0x0000000796a00000| Untracked 
| 694|0x0000000796c00000, 0x0000000796c00000, 0x0000000796e00000|  0%| F|  |TAMS 0x0000000796c00000, 0x0000000796c00000| Untracked 
| 695|0x0000000796e00000, 0x0000000796e00000, 0x0000000797000000|  0%| F|  |TAMS 0x0000000796e00000, 0x0000000796e00000| Untracked 
| 696|0x0000000797000000, 0x0000000797000000, 0x0000000797200000|  0%| F|  |TAMS 0x0000000797000000, 0x0000000797000000| Untracked 
| 697|0x0000000797200000, 0x0000000797200000, 0x0000000797400000|  0%| F|  |TAMS 0x0000000797200000, 0x0000000797200000| Untracked 
| 698|0x0000000797400000, 0x0000000797400000, 0x0000000797600000|  0%| F|  |TAMS 0x0000000797400000, 0x0000000797400000| Untracked 
| 699|0x0000000797600000, 0x0000000797600000, 0x0000000797800000|  0%| F|  |TAMS 0x0000000797600000, 0x0000000797600000| Untracked 
| 700|0x0000000797800000, 0x0000000797800000, 0x0000000797a00000|  0%| F|  |TAMS 0x0000000797800000, 0x0000000797800000| Untracked 
| 701|0x0000000797a00000, 0x0000000797a00000, 0x0000000797c00000|  0%| F|  |TAMS 0x0000000797a00000, 0x0000000797a00000| Untracked 
| 702|0x0000000797c00000, 0x0000000797c00000, 0x0000000797e00000|  0%| F|  |TAMS 0x0000000797c00000, 0x0000000797c00000| Untracked 
| 703|0x0000000797e00000, 0x0000000797e00000, 0x0000000798000000|  0%| F|  |TAMS 0x0000000797e00000, 0x0000000797e00000| Untracked 
| 704|0x0000000798000000, 0x0000000798000000, 0x0000000798200000|  0%| F|  |TAMS 0x0000000798000000, 0x0000000798000000| Untracked 
| 705|0x0000000798200000, 0x0000000798200000, 0x0000000798400000|  0%| F|  |TAMS 0x0000000798200000, 0x0000000798200000| Untracked 
| 706|0x0000000798400000, 0x0000000798400000, 0x0000000798600000|  0%| F|  |TAMS 0x0000000798400000, 0x0000000798400000| Untracked 
| 707|0x0000000798600000, 0x0000000798600000, 0x0000000798800000|  0%| F|  |TAMS 0x0000000798600000, 0x0000000798600000| Untracked 
| 708|0x0000000798800000, 0x0000000798800000, 0x0000000798a00000|  0%| F|  |TAMS 0x0000000798800000, 0x0000000798800000| Untracked 
| 709|0x0000000798a00000, 0x0000000798a00000, 0x0000000798c00000|  0%| F|  |TAMS 0x0000000798a00000, 0x0000000798a00000| Untracked 
| 710|0x0000000798c00000, 0x0000000798c00000, 0x0000000798e00000|  0%| F|  |TAMS 0x0000000798c00000, 0x0000000798c00000| Untracked 
| 711|0x0000000798e00000, 0x0000000798e00000, 0x0000000799000000|  0%| F|  |TAMS 0x0000000798e00000, 0x0000000798e00000| Untracked 
| 712|0x0000000799000000, 0x0000000799000000, 0x0000000799200000|  0%| F|  |TAMS 0x0000000799000000, 0x0000000799000000| Untracked 
| 713|0x0000000799200000, 0x0000000799200000, 0x0000000799400000|  0%| F|  |TAMS 0x0000000799200000, 0x0000000799200000| Untracked 
| 714|0x0000000799400000, 0x0000000799400000, 0x0000000799600000|  0%| F|  |TAMS 0x0000000799400000, 0x0000000799400000| Untracked 
| 715|0x0000000799600000, 0x0000000799600000, 0x0000000799800000|  0%| F|  |TAMS 0x0000000799600000, 0x0000000799600000| Untracked 
| 716|0x0000000799800000, 0x0000000799800000, 0x0000000799a00000|  0%| F|  |TAMS 0x0000000799800000, 0x0000000799800000| Untracked 
| 717|0x0000000799a00000, 0x0000000799a00000, 0x0000000799c00000|  0%| F|  |TAMS 0x0000000799a00000, 0x0000000799a00000| Untracked 
| 718|0x0000000799c00000, 0x0000000799c00000, 0x0000000799e00000|  0%| F|  |TAMS 0x0000000799c00000, 0x0000000799c00000| Untracked 
| 719|0x0000000799e00000, 0x0000000799e00000, 0x000000079a000000|  0%| F|  |TAMS 0x0000000799e00000, 0x0000000799e00000| Untracked 
| 720|0x000000079a000000, 0x000000079a000000, 0x000000079a200000|  0%| F|  |TAMS 0x000000079a000000, 0x000000079a000000| Untracked 
| 721|0x000000079a200000, 0x000000079a200000, 0x000000079a400000|  0%| F|  |TAMS 0x000000079a200000, 0x000000079a200000| Untracked 
| 722|0x000000079a400000, 0x000000079a400000, 0x000000079a600000|  0%| F|  |TAMS 0x000000079a400000, 0x000000079a400000| Untracked 
| 723|0x000000079a600000, 0x000000079a600000, 0x000000079a800000|  0%| F|  |TAMS 0x000000079a600000, 0x000000079a600000| Untracked 
| 724|0x000000079a800000, 0x000000079a800000, 0x000000079aa00000|  0%| F|  |TAMS 0x000000079a800000, 0x000000079a800000| Untracked 
| 725|0x000000079aa00000, 0x000000079aa00000, 0x000000079ac00000|  0%| F|  |TAMS 0x000000079aa00000, 0x000000079aa00000| Untracked 
| 726|0x000000079ac00000, 0x000000079ac00000, 0x000000079ae00000|  0%| F|  |TAMS 0x000000079ac00000, 0x000000079ac00000| Untracked 
| 727|0x000000079ae00000, 0x000000079ae00000, 0x000000079b000000|  0%| F|  |TAMS 0x000000079ae00000, 0x000000079ae00000| Untracked 
| 728|0x000000079b000000, 0x000000079b000000, 0x000000079b200000|  0%| F|  |TAMS 0x000000079b000000, 0x000000079b000000| Untracked 
| 729|0x000000079b200000, 0x000000079b200000, 0x000000079b400000|  0%| F|  |TAMS 0x000000079b200000, 0x000000079b200000| Untracked 
| 730|0x000000079b400000, 0x000000079b400000, 0x000000079b600000|  0%| F|  |TAMS 0x000000079b400000, 0x000000079b400000| Untracked 
| 731|0x000000079b600000, 0x000000079b600000, 0x000000079b800000|  0%| F|  |TAMS 0x000000079b600000, 0x000000079b600000| Untracked 
| 732|0x000000079b800000, 0x000000079b800000, 0x000000079ba00000|  0%| F|  |TAMS 0x000000079b800000, 0x000000079b800000| Untracked 
| 733|0x000000079ba00000, 0x000000079ba00000, 0x000000079bc00000|  0%| F|  |TAMS 0x000000079ba00000, 0x000000079ba00000| Untracked 
| 734|0x000000079bc00000, 0x000000079bc00000, 0x000000079be00000|  0%| F|  |TAMS 0x000000079bc00000, 0x000000079bc00000| Untracked 
| 735|0x000000079be00000, 0x000000079be00000, 0x000000079c000000|  0%| F|  |TAMS 0x000000079be00000, 0x000000079be00000| Untracked 
| 736|0x000000079c000000, 0x000000079c000000, 0x000000079c200000|  0%| F|  |TAMS 0x000000079c000000, 0x000000079c000000| Untracked 
| 737|0x000000079c200000, 0x000000079c200000, 0x000000079c400000|  0%| F|  |TAMS 0x000000079c200000, 0x000000079c200000| Untracked 
| 738|0x000000079c400000, 0x000000079c400000, 0x000000079c600000|  0%| F|  |TAMS 0x000000079c400000, 0x000000079c400000| Untracked 
| 739|0x000000079c600000, 0x000000079c600000, 0x000000079c800000|  0%| F|  |TAMS 0x000000079c600000, 0x000000079c600000| Untracked 
| 740|0x000000079c800000, 0x000000079c800000, 0x000000079ca00000|  0%| F|  |TAMS 0x000000079c800000, 0x000000079c800000| Untracked 
| 741|0x000000079ca00000, 0x000000079ca00000, 0x000000079cc00000|  0%| F|  |TAMS 0x000000079ca00000, 0x000000079ca00000| Untracked 
| 742|0x000000079cc00000, 0x000000079cc00000, 0x000000079ce00000|  0%| F|  |TAMS 0x000000079cc00000, 0x000000079cc00000| Untracked 
| 743|0x000000079ce00000, 0x000000079ce00000, 0x000000079d000000|  0%| F|  |TAMS 0x000000079ce00000, 0x000000079ce00000| Untracked 
| 744|0x000000079d000000, 0x000000079d000000, 0x000000079d200000|  0%| F|  |TAMS 0x000000079d000000, 0x000000079d000000| Untracked 
| 745|0x000000079d200000, 0x000000079d200000, 0x000000079d400000|  0%| F|  |TAMS 0x000000079d200000, 0x000000079d200000| Untracked 
| 746|0x000000079d400000, 0x000000079d400000, 0x000000079d600000|  0%| F|  |TAMS 0x000000079d400000, 0x000000079d400000| Untracked 
| 747|0x000000079d600000, 0x000000079d600000, 0x000000079d800000|  0%| F|  |TAMS 0x000000079d600000, 0x000000079d600000| Untracked 
| 748|0x000000079d800000, 0x000000079d800000, 0x000000079da00000|  0%| F|  |TAMS 0x000000079d800000, 0x000000079d800000| Untracked 
| 749|0x000000079da00000, 0x000000079da00000, 0x000000079dc00000|  0%| F|  |TAMS 0x000000079da00000, 0x000000079da00000| Untracked 
| 750|0x000000079dc00000, 0x000000079dc00000, 0x000000079de00000|  0%| F|  |TAMS 0x000000079dc00000, 0x000000079dc00000| Untracked 
| 751|0x000000079de00000, 0x000000079de00000, 0x000000079e000000|  0%| F|  |TAMS 0x000000079de00000, 0x000000079de00000| Untracked 
| 752|0x000000079e000000, 0x000000079e000000, 0x000000079e200000|  0%| F|  |TAMS 0x000000079e000000, 0x000000079e000000| Untracked 
| 753|0x000000079e200000, 0x000000079e200000, 0x000000079e400000|  0%| F|  |TAMS 0x000000079e200000, 0x000000079e200000| Untracked 
| 754|0x000000079e400000, 0x000000079e400000, 0x000000079e600000|  0%| F|  |TAMS 0x000000079e400000, 0x000000079e400000| Untracked 
| 755|0x000000079e600000, 0x000000079e600000, 0x000000079e800000|  0%| F|  |TAMS 0x000000079e600000, 0x000000079e600000| Untracked 
| 756|0x000000079e800000, 0x000000079e800000, 0x000000079ea00000|  0%| F|  |TAMS 0x000000079e800000, 0x000000079e800000| Untracked 
| 757|0x000000079ea00000, 0x000000079ea00000, 0x000000079ec00000|  0%| F|  |TAMS 0x000000079ea00000, 0x000000079ea00000| Untracked 
| 758|0x000000079ec00000, 0x000000079ec00000, 0x000000079ee00000|  0%| F|  |TAMS 0x000000079ec00000, 0x000000079ec00000| Untracked 
| 759|0x000000079ee00000, 0x000000079ee00000, 0x000000079f000000|  0%| F|  |TAMS 0x000000079ee00000, 0x000000079ee00000| Untracked 
| 760|0x000000079f000000, 0x000000079f000000, 0x000000079f200000|  0%| F|  |TAMS 0x000000079f000000, 0x000000079f000000| Untracked 
| 761|0x000000079f200000, 0x000000079f200000, 0x000000079f400000|  0%| F|  |TAMS 0x000000079f200000, 0x000000079f200000| Untracked 
| 762|0x000000079f400000, 0x000000079f400000, 0x000000079f600000|  0%| F|  |TAMS 0x000000079f400000, 0x000000079f400000| Untracked 
| 763|0x000000079f600000, 0x000000079f600000, 0x000000079f800000|  0%| F|  |TAMS 0x000000079f600000, 0x000000079f600000| Untracked 
| 764|0x000000079f800000, 0x000000079f800000, 0x000000079fa00000|  0%| F|  |TAMS 0x000000079f800000, 0x000000079f800000| Untracked 
| 765|0x000000079fa00000, 0x000000079fa00000, 0x000000079fc00000|  0%| F|  |TAMS 0x000000079fa00000, 0x000000079fa00000| Untracked 
| 766|0x000000079fc00000, 0x000000079fc00000, 0x000000079fe00000|  0%| F|  |TAMS 0x000000079fc00000, 0x000000079fc00000| Untracked 
| 767|0x000000079fe00000, 0x000000079fe00000, 0x00000007a0000000|  0%| F|  |TAMS 0x000000079fe00000, 0x000000079fe00000| Untracked 
| 768|0x00000007a0000000, 0x00000007a0000000, 0x00000007a0200000|  0%| F|  |TAMS 0x00000007a0000000, 0x00000007a0000000| Untracked 
| 769|0x00000007a0200000, 0x00000007a0200000, 0x00000007a0400000|  0%| F|  |TAMS 0x00000007a0200000, 0x00000007a0200000| Untracked 
| 770|0x00000007a0400000, 0x00000007a0400000, 0x00000007a0600000|  0%| F|  |TAMS 0x00000007a0400000, 0x00000007a0400000| Untracked 
| 771|0x00000007a0600000, 0x00000007a0600000, 0x00000007a0800000|  0%| F|  |TAMS 0x00000007a0600000, 0x00000007a0600000| Untracked 
| 772|0x00000007a0800000, 0x00000007a0800000, 0x00000007a0a00000|  0%| F|  |TAMS 0x00000007a0800000, 0x00000007a0800000| Untracked 
| 773|0x00000007a0a00000, 0x00000007a0a00000, 0x00000007a0c00000|  0%| F|  |TAMS 0x00000007a0a00000, 0x00000007a0a00000| Untracked 
| 774|0x00000007a0c00000, 0x00000007a0c00000, 0x00000007a0e00000|  0%| F|  |TAMS 0x00000007a0c00000, 0x00000007a0c00000| Untracked 
| 775|0x00000007a0e00000, 0x00000007a0e00000, 0x00000007a1000000|  0%| F|  |TAMS 0x00000007a0e00000, 0x00000007a0e00000| Untracked 
| 776|0x00000007a1000000, 0x00000007a1000000, 0x00000007a1200000|  0%| F|  |TAMS 0x00000007a1000000, 0x00000007a1000000| Untracked 
| 777|0x00000007a1200000, 0x00000007a1200000, 0x00000007a1400000|  0%| F|  |TAMS 0x00000007a1200000, 0x00000007a1200000| Untracked 
| 778|0x00000007a1400000, 0x00000007a1400000, 0x00000007a1600000|  0%| F|  |TAMS 0x00000007a1400000, 0x00000007a1400000| Untracked 
| 779|0x00000007a1600000, 0x00000007a1600000, 0x00000007a1800000|  0%| F|  |TAMS 0x00000007a1600000, 0x00000007a1600000| Untracked 
| 780|0x00000007a1800000, 0x00000007a1800000, 0x00000007a1a00000|  0%| F|  |TAMS 0x00000007a1800000, 0x00000007a1800000| Untracked 
| 781|0x00000007a1a00000, 0x00000007a1a00000, 0x00000007a1c00000|  0%| F|  |TAMS 0x00000007a1a00000, 0x00000007a1a00000| Untracked 
| 782|0x00000007a1c00000, 0x00000007a1c00000, 0x00000007a1e00000|  0%| F|  |TAMS 0x00000007a1c00000, 0x00000007a1c00000| Untracked 
| 783|0x00000007a1e00000, 0x00000007a1e00000, 0x00000007a2000000|  0%| F|  |TAMS 0x00000007a1e00000, 0x00000007a1e00000| Untracked 
| 784|0x00000007a2000000, 0x00000007a2000000, 0x00000007a2200000|  0%| F|  |TAMS 0x00000007a2000000, 0x00000007a2000000| Untracked 
| 785|0x00000007a2200000, 0x00000007a2200000, 0x00000007a2400000|  0%| F|  |TAMS 0x00000007a2200000, 0x00000007a2200000| Untracked 
| 786|0x00000007a2400000, 0x00000007a2400000, 0x00000007a2600000|  0%| F|  |TAMS 0x00000007a2400000, 0x00000007a2400000| Untracked 
| 787|0x00000007a2600000, 0x00000007a2600000, 0x00000007a2800000|  0%| F|  |TAMS 0x00000007a2600000, 0x00000007a2600000| Untracked 
| 788|0x00000007a2800000, 0x00000007a2800000, 0x00000007a2a00000|  0%| F|  |TAMS 0x00000007a2800000, 0x00000007a2800000| Untracked 
| 789|0x00000007a2a00000, 0x00000007a2a00000, 0x00000007a2c00000|  0%| F|  |TAMS 0x00000007a2a00000, 0x00000007a2a00000| Untracked 
| 790|0x00000007a2c00000, 0x00000007a2c00000, 0x00000007a2e00000|  0%| F|  |TAMS 0x00000007a2c00000, 0x00000007a2c00000| Untracked 
| 791|0x00000007a2e00000, 0x00000007a2e00000, 0x00000007a3000000|  0%| F|  |TAMS 0x00000007a2e00000, 0x00000007a2e00000| Untracked 
| 792|0x00000007a3000000, 0x00000007a3000000, 0x00000007a3200000|  0%| F|  |TAMS 0x00000007a3000000, 0x00000007a3000000| Untracked 
| 793|0x00000007a3200000, 0x00000007a3200000, 0x00000007a3400000|  0%| F|  |TAMS 0x00000007a3200000, 0x00000007a3200000| Untracked 
| 794|0x00000007a3400000, 0x00000007a3400000, 0x00000007a3600000|  0%| F|  |TAMS 0x00000007a3400000, 0x00000007a3400000| Untracked 
| 795|0x00000007a3600000, 0x00000007a3600000, 0x00000007a3800000|  0%| F|  |TAMS 0x00000007a3600000, 0x00000007a3600000| Untracked 
| 796|0x00000007a3800000, 0x00000007a3800000, 0x00000007a3a00000|  0%| F|  |TAMS 0x00000007a3800000, 0x00000007a3800000| Untracked 
| 797|0x00000007a3a00000, 0x00000007a3a00000, 0x00000007a3c00000|  0%| F|  |TAMS 0x00000007a3a00000, 0x00000007a3a00000| Untracked 
| 798|0x00000007a3c00000, 0x00000007a3c00000, 0x00000007a3e00000|  0%| F|  |TAMS 0x00000007a3c00000, 0x00000007a3c00000| Untracked 
| 799|0x00000007a3e00000, 0x00000007a3e00000, 0x00000007a4000000|  0%| F|  |TAMS 0x00000007a3e00000, 0x00000007a3e00000| Untracked 
| 800|0x00000007a4000000, 0x00000007a4000000, 0x00000007a4200000|  0%| F|  |TAMS 0x00000007a4000000, 0x00000007a4000000| Untracked 
| 801|0x00000007a4200000, 0x00000007a4200000, 0x00000007a4400000|  0%| F|  |TAMS 0x00000007a4200000, 0x00000007a4200000| Untracked 
| 802|0x00000007a4400000, 0x00000007a4400000, 0x00000007a4600000|  0%| F|  |TAMS 0x00000007a4400000, 0x00000007a4400000| Untracked 
| 803|0x00000007a4600000, 0x00000007a4600000, 0x00000007a4800000|  0%| F|  |TAMS 0x00000007a4600000, 0x00000007a4600000| Untracked 
| 804|0x00000007a4800000, 0x00000007a4800000, 0x00000007a4a00000|  0%| F|  |TAMS 0x00000007a4800000, 0x00000007a4800000| Untracked 
| 805|0x00000007a4a00000, 0x00000007a4a00000, 0x00000007a4c00000|  0%| F|  |TAMS 0x00000007a4a00000, 0x00000007a4a00000| Untracked 
| 806|0x00000007a4c00000, 0x00000007a4c00000, 0x00000007a4e00000|  0%| F|  |TAMS 0x00000007a4c00000, 0x00000007a4c00000| Untracked 
| 807|0x00000007a4e00000, 0x00000007a4e00000, 0x00000007a5000000|  0%| F|  |TAMS 0x00000007a4e00000, 0x00000007a4e00000| Untracked 
| 808|0x00000007a5000000, 0x00000007a5000000, 0x00000007a5200000|  0%| F|  |TAMS 0x00000007a5000000, 0x00000007a5000000| Untracked 
| 809|0x00000007a5200000, 0x00000007a5200000, 0x00000007a5400000|  0%| F|  |TAMS 0x00000007a5200000, 0x00000007a5200000| Untracked 
| 810|0x00000007a5400000, 0x00000007a5400000, 0x00000007a5600000|  0%| F|  |TAMS 0x00000007a5400000, 0x00000007a5400000| Untracked 
| 811|0x00000007a5600000, 0x00000007a5600000, 0x00000007a5800000|  0%| F|  |TAMS 0x00000007a5600000, 0x00000007a5600000| Untracked 
| 812|0x00000007a5800000, 0x00000007a5800000, 0x00000007a5a00000|  0%| F|  |TAMS 0x00000007a5800000, 0x00000007a5800000| Untracked 
| 813|0x00000007a5a00000, 0x00000007a5a00000, 0x00000007a5c00000|  0%| F|  |TAMS 0x00000007a5a00000, 0x00000007a5a00000| Untracked 
| 814|0x00000007a5c00000, 0x00000007a5c00000, 0x00000007a5e00000|  0%| F|  |TAMS 0x00000007a5c00000, 0x00000007a5c00000| Untracked 
| 815|0x00000007a5e00000, 0x00000007a5e00000, 0x00000007a6000000|  0%| F|  |TAMS 0x00000007a5e00000, 0x00000007a5e00000| Untracked 
| 816|0x00000007a6000000, 0x00000007a6000000, 0x00000007a6200000|  0%| F|  |TAMS 0x00000007a6000000, 0x00000007a6000000| Untracked 
| 817|0x00000007a6200000, 0x00000007a6200000, 0x00000007a6400000|  0%| F|  |TAMS 0x00000007a6200000, 0x00000007a6200000| Untracked 
| 818|0x00000007a6400000, 0x00000007a6400000, 0x00000007a6600000|  0%| F|  |TAMS 0x00000007a6400000, 0x00000007a6400000| Untracked 
| 819|0x00000007a6600000, 0x00000007a6600000, 0x00000007a6800000|  0%| F|  |TAMS 0x00000007a6600000, 0x00000007a6600000| Untracked 
| 820|0x00000007a6800000, 0x00000007a6800000, 0x00000007a6a00000|  0%| F|  |TAMS 0x00000007a6800000, 0x00000007a6800000| Untracked 
| 821|0x00000007a6a00000, 0x00000007a6a00000, 0x00000007a6c00000|  0%| F|  |TAMS 0x00000007a6a00000, 0x00000007a6a00000| Untracked 
| 822|0x00000007a6c00000, 0x00000007a6c00000, 0x00000007a6e00000|  0%| F|  |TAMS 0x00000007a6c00000, 0x00000007a6c00000| Untracked 
| 823|0x00000007a6e00000, 0x00000007a6e00000, 0x00000007a7000000|  0%| F|  |TAMS 0x00000007a6e00000, 0x00000007a6e00000| Untracked 
| 824|0x00000007a7000000, 0x00000007a7000000, 0x00000007a7200000|  0%| F|  |TAMS 0x00000007a7000000, 0x00000007a7000000| Untracked 
| 825|0x00000007a7200000, 0x00000007a7200000, 0x00000007a7400000|  0%| F|  |TAMS 0x00000007a7200000, 0x00000007a7200000| Untracked 
| 826|0x00000007a7400000, 0x00000007a7400000, 0x00000007a7600000|  0%| F|  |TAMS 0x00000007a7400000, 0x00000007a7400000| Untracked 
| 827|0x00000007a7600000, 0x00000007a7600000, 0x00000007a7800000|  0%| F|  |TAMS 0x00000007a7600000, 0x00000007a7600000| Untracked 
| 828|0x00000007a7800000, 0x00000007a7800000, 0x00000007a7a00000|  0%| F|  |TAMS 0x00000007a7800000, 0x00000007a7800000| Untracked 
| 829|0x00000007a7a00000, 0x00000007a7a00000, 0x00000007a7c00000|  0%| F|  |TAMS 0x00000007a7a00000, 0x00000007a7a00000| Untracked 
| 830|0x00000007a7c00000, 0x00000007a7c00000, 0x00000007a7e00000|  0%| F|  |TAMS 0x00000007a7c00000, 0x00000007a7c00000| Untracked 
| 831|0x00000007a7e00000, 0x00000007a7e00000, 0x00000007a8000000|  0%| F|  |TAMS 0x00000007a7e00000, 0x00000007a7e00000| Untracked 
| 832|0x00000007a8000000, 0x00000007a8000000, 0x00000007a8200000|  0%| F|  |TAMS 0x00000007a8000000, 0x00000007a8000000| Untracked 
| 833|0x00000007a8200000, 0x00000007a8200000, 0x00000007a8400000|  0%| F|  |TAMS 0x00000007a8200000, 0x00000007a8200000| Untracked 
| 834|0x00000007a8400000, 0x00000007a8400000, 0x00000007a8600000|  0%| F|  |TAMS 0x00000007a8400000, 0x00000007a8400000| Untracked 
| 835|0x00000007a8600000, 0x00000007a8600000, 0x00000007a8800000|  0%| F|  |TAMS 0x00000007a8600000, 0x00000007a8600000| Untracked 
| 836|0x00000007a8800000, 0x00000007a8800000, 0x00000007a8a00000|  0%| F|  |TAMS 0x00000007a8800000, 0x00000007a8800000| Untracked 
| 837|0x00000007a8a00000, 0x00000007a8a00000, 0x00000007a8c00000|  0%| F|  |TAMS 0x00000007a8a00000, 0x00000007a8a00000| Untracked 
| 838|0x00000007a8c00000, 0x00000007a8c00000, 0x00000007a8e00000|  0%| F|  |TAMS 0x00000007a8c00000, 0x00000007a8c00000| Untracked 
| 839|0x00000007a8e00000, 0x00000007a8e00000, 0x00000007a9000000|  0%| F|  |TAMS 0x00000007a8e00000, 0x00000007a8e00000| Untracked 
| 840|0x00000007a9000000, 0x00000007a9000000, 0x00000007a9200000|  0%| F|  |TAMS 0x00000007a9000000, 0x00000007a9000000| Untracked 
| 841|0x00000007a9200000, 0x00000007a9200000, 0x00000007a9400000|  0%| F|  |TAMS 0x00000007a9200000, 0x00000007a9200000| Untracked 
| 842|0x00000007a9400000, 0x00000007a9400000, 0x00000007a9600000|  0%| F|  |TAMS 0x00000007a9400000, 0x00000007a9400000| Untracked 
| 843|0x00000007a9600000, 0x00000007a9600000, 0x00000007a9800000|  0%| F|  |TAMS 0x00000007a9600000, 0x00000007a9600000| Untracked 
| 844|0x00000007a9800000, 0x00000007a9800000, 0x00000007a9a00000|  0%| F|  |TAMS 0x00000007a9800000, 0x00000007a9800000| Untracked 
| 845|0x00000007a9a00000, 0x00000007a9a00000, 0x00000007a9c00000|  0%| F|  |TAMS 0x00000007a9a00000, 0x00000007a9a00000| Untracked 
| 846|0x00000007a9c00000, 0x00000007a9c00000, 0x00000007a9e00000|  0%| F|  |TAMS 0x00000007a9c00000, 0x00000007a9c00000| Untracked 
| 847|0x00000007a9e00000, 0x00000007a9e00000, 0x00000007aa000000|  0%| F|  |TAMS 0x00000007a9e00000, 0x00000007a9e00000| Untracked 
| 848|0x00000007aa000000, 0x00000007aa000000, 0x00000007aa200000|  0%| F|  |TAMS 0x00000007aa000000, 0x00000007aa000000| Untracked 
| 849|0x00000007aa200000, 0x00000007aa200000, 0x00000007aa400000|  0%| F|  |TAMS 0x00000007aa200000, 0x00000007aa200000| Untracked 
| 850|0x00000007aa400000, 0x00000007aa400000, 0x00000007aa600000|  0%| F|  |TAMS 0x00000007aa400000, 0x00000007aa400000| Untracked 
| 851|0x00000007aa600000, 0x00000007aa600000, 0x00000007aa800000|  0%| F|  |TAMS 0x00000007aa600000, 0x00000007aa600000| Untracked 
| 852|0x00000007aa800000, 0x00000007aa800000, 0x00000007aaa00000|  0%| F|  |TAMS 0x00000007aa800000, 0x00000007aa800000| Untracked 
| 853|0x00000007aaa00000, 0x00000007aaa00000, 0x00000007aac00000|  0%| F|  |TAMS 0x00000007aaa00000, 0x00000007aaa00000| Untracked 
| 854|0x00000007aac00000, 0x00000007aac00000, 0x00000007aae00000|  0%| F|  |TAMS 0x00000007aac00000, 0x00000007aac00000| Untracked 
| 855|0x00000007aae00000, 0x00000007aae00000, 0x00000007ab000000|  0%| F|  |TAMS 0x00000007aae00000, 0x00000007aae00000| Untracked 
| 856|0x00000007ab000000, 0x00000007ab000000, 0x00000007ab200000|  0%| F|  |TAMS 0x00000007ab000000, 0x00000007ab000000| Untracked 
| 857|0x00000007ab200000, 0x00000007ab200000, 0x00000007ab400000|  0%| F|  |TAMS 0x00000007ab200000, 0x00000007ab200000| Untracked 
| 858|0x00000007ab400000, 0x00000007ab400000, 0x00000007ab600000|  0%| F|  |TAMS 0x00000007ab400000, 0x00000007ab400000| Untracked 
| 859|0x00000007ab600000, 0x00000007ab600000, 0x00000007ab800000|  0%| F|  |TAMS 0x00000007ab600000, 0x00000007ab600000| Untracked 
| 860|0x00000007ab800000, 0x00000007ab800000, 0x00000007aba00000|  0%| F|  |TAMS 0x00000007ab800000, 0x00000007ab800000| Untracked 
| 861|0x00000007aba00000, 0x00000007aba00000, 0x00000007abc00000|  0%| F|  |TAMS 0x00000007aba00000, 0x00000007aba00000| Untracked 
| 862|0x00000007abc00000, 0x00000007abc00000, 0x00000007abe00000|  0%| F|  |TAMS 0x00000007abc00000, 0x00000007abc00000| Untracked 
| 863|0x00000007abe00000, 0x00000007abe00000, 0x00000007ac000000|  0%| F|  |TAMS 0x00000007abe00000, 0x00000007abe00000| Untracked 
| 864|0x00000007ac000000, 0x00000007ac000000, 0x00000007ac200000|  0%| F|  |TAMS 0x00000007ac000000, 0x00000007ac000000| Untracked 
| 865|0x00000007ac200000, 0x00000007ac200000, 0x00000007ac400000|  0%| F|  |TAMS 0x00000007ac200000, 0x00000007ac200000| Untracked 
| 866|0x00000007ac400000, 0x00000007ac400000, 0x00000007ac600000|  0%| F|  |TAMS 0x00000007ac400000, 0x00000007ac400000| Untracked 
| 867|0x00000007ac600000, 0x00000007ac600000, 0x00000007ac800000|  0%| F|  |TAMS 0x00000007ac600000, 0x00000007ac600000| Untracked 
| 868|0x00000007ac800000, 0x00000007ac800000, 0x00000007aca00000|  0%| F|  |TAMS 0x00000007ac800000, 0x00000007ac800000| Untracked 
| 869|0x00000007aca00000, 0x00000007aca00000, 0x00000007acc00000|  0%| F|  |TAMS 0x00000007aca00000, 0x00000007aca00000| Untracked 
| 870|0x00000007acc00000, 0x00000007acc00000, 0x00000007ace00000|  0%| F|  |TAMS 0x00000007acc00000, 0x00000007acc00000| Untracked 
| 871|0x00000007ace00000, 0x00000007ace00000, 0x00000007ad000000|  0%| F|  |TAMS 0x00000007ace00000, 0x00000007ace00000| Untracked 
| 872|0x00000007ad000000, 0x00000007ad000000, 0x00000007ad200000|  0%| F|  |TAMS 0x00000007ad000000, 0x00000007ad000000| Untracked 
| 873|0x00000007ad200000, 0x00000007ad200000, 0x00000007ad400000|  0%| F|  |TAMS 0x00000007ad200000, 0x00000007ad200000| Untracked 
| 874|0x00000007ad400000, 0x00000007ad400000, 0x00000007ad600000|  0%| F|  |TAMS 0x00000007ad400000, 0x00000007ad400000| Untracked 
| 875|0x00000007ad600000, 0x00000007ad600000, 0x00000007ad800000|  0%| F|  |TAMS 0x00000007ad600000, 0x00000007ad600000| Untracked 
| 876|0x00000007ad800000, 0x00000007ad800000, 0x00000007ada00000|  0%| F|  |TAMS 0x00000007ad800000, 0x00000007ad800000| Untracked 
| 877|0x00000007ada00000, 0x00000007ada00000, 0x00000007adc00000|  0%| F|  |TAMS 0x00000007ada00000, 0x00000007ada00000| Untracked 
| 878|0x00000007adc00000, 0x00000007adc00000, 0x00000007ade00000|  0%| F|  |TAMS 0x00000007adc00000, 0x00000007adc00000| Untracked 
| 879|0x00000007ade00000, 0x00000007ade00000, 0x00000007ae000000|  0%| F|  |TAMS 0x00000007ade00000, 0x00000007ade00000| Untracked 
| 880|0x00000007ae000000, 0x00000007ae000000, 0x00000007ae200000|  0%| F|  |TAMS 0x00000007ae000000, 0x00000007ae000000| Untracked 
| 881|0x00000007ae200000, 0x00000007ae200000, 0x00000007ae400000|  0%| F|  |TAMS 0x00000007ae200000, 0x00000007ae200000| Untracked 
| 882|0x00000007ae400000, 0x00000007ae400000, 0x00000007ae600000|  0%| F|  |TAMS 0x00000007ae400000, 0x00000007ae400000| Untracked 
| 883|0x00000007ae600000, 0x00000007ae600000, 0x00000007ae800000|  0%| F|  |TAMS 0x00000007ae600000, 0x00000007ae600000| Untracked 
| 884|0x00000007ae800000, 0x00000007ae800000, 0x00000007aea00000|  0%| F|  |TAMS 0x00000007ae800000, 0x00000007ae800000| Untracked 
| 885|0x00000007aea00000, 0x00000007aea00000, 0x00000007aec00000|  0%| F|  |TAMS 0x00000007aea00000, 0x00000007aea00000| Untracked 
| 886|0x00000007aec00000, 0x00000007aec00000, 0x00000007aee00000|  0%| F|  |TAMS 0x00000007aec00000, 0x00000007aec00000| Untracked 
| 887|0x00000007aee00000, 0x00000007aee00000, 0x00000007af000000|  0%| F|  |TAMS 0x00000007aee00000, 0x00000007aee00000| Untracked 
| 888|0x00000007af000000, 0x00000007af000000, 0x00000007af200000|  0%| F|  |TAMS 0x00000007af000000, 0x00000007af000000| Untracked 
| 889|0x00000007af200000, 0x00000007af200000, 0x00000007af400000|  0%| F|  |TAMS 0x00000007af200000, 0x00000007af200000| Untracked 
| 890|0x00000007af400000, 0x00000007af400000, 0x00000007af600000|  0%| F|  |TAMS 0x00000007af400000, 0x00000007af400000| Untracked 
| 891|0x00000007af600000, 0x00000007af600000, 0x00000007af800000|  0%| F|  |TAMS 0x00000007af600000, 0x00000007af600000| Untracked 
| 892|0x00000007af800000, 0x00000007af800000, 0x00000007afa00000|  0%| F|  |TAMS 0x00000007af800000, 0x00000007af800000| Untracked 
| 893|0x00000007afa00000, 0x00000007afa00000, 0x00000007afc00000|  0%| F|  |TAMS 0x00000007afa00000, 0x00000007afa00000| Untracked 
| 894|0x00000007afc00000, 0x00000007afc00000, 0x00000007afe00000|  0%| F|  |TAMS 0x00000007afc00000, 0x00000007afc00000| Untracked 
| 895|0x00000007afe00000, 0x00000007afe00000, 0x00000007b0000000|  0%| F|  |TAMS 0x00000007afe00000, 0x00000007afe00000| Untracked 
| 896|0x00000007b0000000, 0x00000007b0000000, 0x00000007b0200000|  0%| F|  |TAMS 0x00000007b0000000, 0x00000007b0000000| Untracked 
| 897|0x00000007b0200000, 0x00000007b0200000, 0x00000007b0400000|  0%| F|  |TAMS 0x00000007b0200000, 0x00000007b0200000| Untracked 
| 898|0x00000007b0400000, 0x00000007b0400000, 0x00000007b0600000|  0%| F|  |TAMS 0x00000007b0400000, 0x00000007b0400000| Untracked 
| 899|0x00000007b0600000, 0x00000007b0600000, 0x00000007b0800000|  0%| F|  |TAMS 0x00000007b0600000, 0x00000007b0600000| Untracked 
| 900|0x00000007b0800000, 0x00000007b0800000, 0x00000007b0a00000|  0%| F|  |TAMS 0x00000007b0800000, 0x00000007b0800000| Untracked 
| 901|0x00000007b0a00000, 0x00000007b0a00000, 0x00000007b0c00000|  0%| F|  |TAMS 0x00000007b0a00000, 0x00000007b0a00000| Untracked 
| 902|0x00000007b0c00000, 0x00000007b0c00000, 0x00000007b0e00000|  0%| F|  |TAMS 0x00000007b0c00000, 0x00000007b0c00000| Untracked 
| 903|0x00000007b0e00000, 0x00000007b0e00000, 0x00000007b1000000|  0%| F|  |TAMS 0x00000007b0e00000, 0x00000007b0e00000| Untracked 
| 904|0x00000007b1000000, 0x00000007b1000000, 0x00000007b1200000|  0%| F|  |TAMS 0x00000007b1000000, 0x00000007b1000000| Untracked 
| 905|0x00000007b1200000, 0x00000007b1200000, 0x00000007b1400000|  0%| F|  |TAMS 0x00000007b1200000, 0x00000007b1200000| Untracked 
| 906|0x00000007b1400000, 0x00000007b1400000, 0x00000007b1600000|  0%| F|  |TAMS 0x00000007b1400000, 0x00000007b1400000| Untracked 
| 907|0x00000007b1600000, 0x00000007b1600000, 0x00000007b1800000|  0%| F|  |TAMS 0x00000007b1600000, 0x00000007b1600000| Untracked 
| 908|0x00000007b1800000, 0x00000007b1800000, 0x00000007b1a00000|  0%| F|  |TAMS 0x00000007b1800000, 0x00000007b1800000| Untracked 
| 909|0x00000007b1a00000, 0x00000007b1a00000, 0x00000007b1c00000|  0%| F|  |TAMS 0x00000007b1a00000, 0x00000007b1a00000| Untracked 
| 910|0x00000007b1c00000, 0x00000007b1c00000, 0x00000007b1e00000|  0%| F|  |TAMS 0x00000007b1c00000, 0x00000007b1c00000| Untracked 
| 911|0x00000007b1e00000, 0x00000007b1e00000, 0x00000007b2000000|  0%| F|  |TAMS 0x00000007b1e00000, 0x00000007b1e00000| Untracked 
| 912|0x00000007b2000000, 0x00000007b2000000, 0x00000007b2200000|  0%| F|  |TAMS 0x00000007b2000000, 0x00000007b2000000| Untracked 
| 913|0x00000007b2200000, 0x00000007b2200000, 0x00000007b2400000|  0%| F|  |TAMS 0x00000007b2200000, 0x00000007b2200000| Untracked 
| 914|0x00000007b2400000, 0x00000007b2400000, 0x00000007b2600000|  0%| F|  |TAMS 0x00000007b2400000, 0x00000007b2400000| Untracked 
| 915|0x00000007b2600000, 0x00000007b2600000, 0x00000007b2800000|  0%| F|  |TAMS 0x00000007b2600000, 0x00000007b2600000| Untracked 
| 916|0x00000007b2800000, 0x00000007b2800000, 0x00000007b2a00000|  0%| F|  |TAMS 0x00000007b2800000, 0x00000007b2800000| Untracked 
| 917|0x00000007b2a00000, 0x00000007b2a00000, 0x00000007b2c00000|  0%| F|  |TAMS 0x00000007b2a00000, 0x00000007b2a00000| Untracked 
| 918|0x00000007b2c00000, 0x00000007b2c00000, 0x00000007b2e00000|  0%| F|  |TAMS 0x00000007b2c00000, 0x00000007b2c00000| Untracked 
| 919|0x00000007b2e00000, 0x00000007b2e00000, 0x00000007b3000000|  0%| F|  |TAMS 0x00000007b2e00000, 0x00000007b2e00000| Untracked 
| 920|0x00000007b3000000, 0x00000007b3000000, 0x00000007b3200000|  0%| F|  |TAMS 0x00000007b3000000, 0x00000007b3000000| Untracked 
| 921|0x00000007b3200000, 0x00000007b3200000, 0x00000007b3400000|  0%| F|  |TAMS 0x00000007b3200000, 0x00000007b3200000| Untracked 
| 922|0x00000007b3400000, 0x00000007b3400000, 0x00000007b3600000|  0%| F|  |TAMS 0x00000007b3400000, 0x00000007b3400000| Untracked 
| 923|0x00000007b3600000, 0x00000007b3600000, 0x00000007b3800000|  0%| F|  |TAMS 0x00000007b3600000, 0x00000007b3600000| Untracked 
| 924|0x00000007b3800000, 0x00000007b3800000, 0x00000007b3a00000|  0%| F|  |TAMS 0x00000007b3800000, 0x00000007b3800000| Untracked 
| 925|0x00000007b3a00000, 0x00000007b3a00000, 0x00000007b3c00000|  0%| F|  |TAMS 0x00000007b3a00000, 0x00000007b3a00000| Untracked 
| 926|0x00000007b3c00000, 0x00000007b3c00000, 0x00000007b3e00000|  0%| F|  |TAMS 0x00000007b3c00000, 0x00000007b3c00000| Untracked 
| 927|0x00000007b3e00000, 0x00000007b3e00000, 0x00000007b4000000|  0%| F|  |TAMS 0x00000007b3e00000, 0x00000007b3e00000| Untracked 
| 928|0x00000007b4000000, 0x00000007b4000000, 0x00000007b4200000|  0%| F|  |TAMS 0x00000007b4000000, 0x00000007b4000000| Untracked 
| 929|0x00000007b4200000, 0x00000007b4200000, 0x00000007b4400000|  0%| F|  |TAMS 0x00000007b4200000, 0x00000007b4200000| Untracked 
| 930|0x00000007b4400000, 0x00000007b4400000, 0x00000007b4600000|  0%| F|  |TAMS 0x00000007b4400000, 0x00000007b4400000| Untracked 
| 931|0x00000007b4600000, 0x00000007b4600000, 0x00000007b4800000|  0%| F|  |TAMS 0x00000007b4600000, 0x00000007b4600000| Untracked 
| 932|0x00000007b4800000, 0x00000007b4800000, 0x00000007b4a00000|  0%| F|  |TAMS 0x00000007b4800000, 0x00000007b4800000| Untracked 
| 933|0x00000007b4a00000, 0x00000007b4a00000, 0x00000007b4c00000|  0%| F|  |TAMS 0x00000007b4a00000, 0x00000007b4a00000| Untracked 
| 934|0x00000007b4c00000, 0x00000007b4c00000, 0x00000007b4e00000|  0%| F|  |TAMS 0x00000007b4c00000, 0x00000007b4c00000| Untracked 
| 935|0x00000007b4e00000, 0x00000007b4e00000, 0x00000007b5000000|  0%| F|  |TAMS 0x00000007b4e00000, 0x00000007b4e00000| Untracked 
| 936|0x00000007b5000000, 0x00000007b5000000, 0x00000007b5200000|  0%| F|  |TAMS 0x00000007b5000000, 0x00000007b5000000| Untracked 
| 937|0x00000007b5200000, 0x00000007b5200000, 0x00000007b5400000|  0%| F|  |TAMS 0x00000007b5200000, 0x00000007b5200000| Untracked 
| 938|0x00000007b5400000, 0x00000007b5400000, 0x00000007b5600000|  0%| F|  |TAMS 0x00000007b5400000, 0x00000007b5400000| Untracked 
| 939|0x00000007b5600000, 0x00000007b5600000, 0x00000007b5800000|  0%| F|  |TAMS 0x00000007b5600000, 0x00000007b5600000| Untracked 
| 940|0x00000007b5800000, 0x00000007b5800000, 0x00000007b5a00000|  0%| F|  |TAMS 0x00000007b5800000, 0x00000007b5800000| Untracked 
| 941|0x00000007b5a00000, 0x00000007b5a00000, 0x00000007b5c00000|  0%| F|  |TAMS 0x00000007b5a00000, 0x00000007b5a00000| Untracked 
| 942|0x00000007b5c00000, 0x00000007b5c00000, 0x00000007b5e00000|  0%| F|  |TAMS 0x00000007b5c00000, 0x00000007b5c00000| Untracked 
| 943|0x00000007b5e00000, 0x00000007b5e00000, 0x00000007b6000000|  0%| F|  |TAMS 0x00000007b5e00000, 0x00000007b5e00000| Untracked 
| 944|0x00000007b6000000, 0x00000007b6000000, 0x00000007b6200000|  0%| F|  |TAMS 0x00000007b6000000, 0x00000007b6000000| Untracked 
| 945|0x00000007b6200000, 0x00000007b6200000, 0x00000007b6400000|  0%| F|  |TAMS 0x00000007b6200000, 0x00000007b6200000| Untracked 
| 946|0x00000007b6400000, 0x00000007b6400000, 0x00000007b6600000|  0%| F|  |TAMS 0x00000007b6400000, 0x00000007b6400000| Untracked 
| 947|0x00000007b6600000, 0x00000007b6600000, 0x00000007b6800000|  0%| F|  |TAMS 0x00000007b6600000, 0x00000007b6600000| Untracked 
| 948|0x00000007b6800000, 0x00000007b6800000, 0x00000007b6a00000|  0%| F|  |TAMS 0x00000007b6800000, 0x00000007b6800000| Untracked 
| 949|0x00000007b6a00000, 0x00000007b6a00000, 0x00000007b6c00000|  0%| F|  |TAMS 0x00000007b6a00000, 0x00000007b6a00000| Untracked 
| 950|0x00000007b6c00000, 0x00000007b6c00000, 0x00000007b6e00000|  0%| F|  |TAMS 0x00000007b6c00000, 0x00000007b6c00000| Untracked 
| 951|0x00000007b6e00000, 0x00000007b6e00000, 0x00000007b7000000|  0%| F|  |TAMS 0x00000007b6e00000, 0x00000007b6e00000| Untracked 
| 952|0x00000007b7000000, 0x00000007b7000000, 0x00000007b7200000|  0%| F|  |TAMS 0x00000007b7000000, 0x00000007b7000000| Untracked 
| 953|0x00000007b7200000, 0x00000007b7200000, 0x00000007b7400000|  0%| F|  |TAMS 0x00000007b7200000, 0x00000007b7200000| Untracked 
| 954|0x00000007b7400000, 0x00000007b7400000, 0x00000007b7600000|  0%| F|  |TAMS 0x00000007b7400000, 0x00000007b7400000| Untracked 
| 955|0x00000007b7600000, 0x00000007b7600000, 0x00000007b7800000|  0%| F|  |TAMS 0x00000007b7600000, 0x00000007b7600000| Untracked 
| 956|0x00000007b7800000, 0x00000007b7800000, 0x00000007b7a00000|  0%| F|  |TAMS 0x00000007b7800000, 0x00000007b7800000| Untracked 
| 957|0x00000007b7a00000, 0x00000007b7a00000, 0x00000007b7c00000|  0%| F|  |TAMS 0x00000007b7a00000, 0x00000007b7a00000| Untracked 
| 958|0x00000007b7c00000, 0x00000007b7c00000, 0x00000007b7e00000|  0%| F|  |TAMS 0x00000007b7c00000, 0x00000007b7c00000| Untracked 
| 959|0x00000007b7e00000, 0x00000007b7e00000, 0x00000007b8000000|  0%| F|  |TAMS 0x00000007b7e00000, 0x00000007b7e00000| Untracked 
| 960|0x00000007b8000000, 0x00000007b8000000, 0x00000007b8200000|  0%| F|  |TAMS 0x00000007b8000000, 0x00000007b8000000| Untracked 
| 961|0x00000007b8200000, 0x00000007b8200000, 0x00000007b8400000|  0%| F|  |TAMS 0x00000007b8200000, 0x00000007b8200000| Untracked 
| 962|0x00000007b8400000, 0x00000007b8400000, 0x00000007b8600000|  0%| F|  |TAMS 0x00000007b8400000, 0x00000007b8400000| Untracked 
| 963|0x00000007b8600000, 0x00000007b8600000, 0x00000007b8800000|  0%| F|  |TAMS 0x00000007b8600000, 0x00000007b8600000| Untracked 
| 964|0x00000007b8800000, 0x00000007b8800000, 0x00000007b8a00000|  0%| F|  |TAMS 0x00000007b8800000, 0x00000007b8800000| Untracked 
| 965|0x00000007b8a00000, 0x00000007b8a00000, 0x00000007b8c00000|  0%| F|  |TAMS 0x00000007b8a00000, 0x00000007b8a00000| Untracked 
| 966|0x00000007b8c00000, 0x00000007b8c00000, 0x00000007b8e00000|  0%| F|  |TAMS 0x00000007b8c00000, 0x00000007b8c00000| Untracked 
| 967|0x00000007b8e00000, 0x00000007b8e00000, 0x00000007b9000000|  0%| F|  |TAMS 0x00000007b8e00000, 0x00000007b8e00000| Untracked 
| 968|0x00000007b9000000, 0x00000007b9000000, 0x00000007b9200000|  0%| F|  |TAMS 0x00000007b9000000, 0x00000007b9000000| Untracked 
| 969|0x00000007b9200000, 0x00000007b9200000, 0x00000007b9400000|  0%| F|  |TAMS 0x00000007b9200000, 0x00000007b9200000| Untracked 
| 970|0x00000007b9400000, 0x00000007b9400000, 0x00000007b9600000|  0%| F|  |TAMS 0x00000007b9400000, 0x00000007b9400000| Untracked 
| 971|0x00000007b9600000, 0x00000007b9600000, 0x00000007b9800000|  0%| F|  |TAMS 0x00000007b9600000, 0x00000007b9600000| Untracked 
| 972|0x00000007b9800000, 0x00000007b9800000, 0x00000007b9a00000|  0%| F|  |TAMS 0x00000007b9800000, 0x00000007b9800000| Untracked 
| 973|0x00000007b9a00000, 0x00000007b9a00000, 0x00000007b9c00000|  0%| F|  |TAMS 0x00000007b9a00000, 0x00000007b9a00000| Untracked 
| 974|0x00000007b9c00000, 0x00000007b9c72340, 0x00000007b9e00000| 22%| E|  |TAMS 0x00000007b9c00000, 0x00000007b9c00000| Complete 
| 975|0x00000007b9e00000, 0x00000007ba000000, 0x00000007ba000000|100%| E|CS|TAMS 0x00000007b9e00000, 0x00000007b9e00000| Complete 
| 976|0x00000007ba000000, 0x00000007ba200000, 0x00000007ba200000|100%| E|CS|TAMS 0x00000007ba000000, 0x00000007ba000000| Complete 
| 977|0x00000007ba200000, 0x00000007ba400000, 0x00000007ba400000|100%| E|CS|TAMS 0x00000007ba200000, 0x00000007ba200000| Complete 
| 978|0x00000007ba400000, 0x00000007ba600000, 0x00000007ba600000|100%| E|CS|TAMS 0x00000007ba400000, 0x00000007ba400000| Complete 
| 979|0x00000007ba600000, 0x00000007ba800000, 0x00000007ba800000|100%| E|CS|TAMS 0x00000007ba600000, 0x00000007ba600000| Complete 
| 980|0x00000007ba800000, 0x00000007baa00000, 0x00000007baa00000|100%| E|CS|TAMS 0x00000007ba800000, 0x00000007ba800000| Complete 
| 981|0x00000007baa00000, 0x00000007bac00000, 0x00000007bac00000|100%| E|CS|TAMS 0x00000007baa00000, 0x00000007baa00000| Complete 
| 982|0x00000007bac00000, 0x00000007bae00000, 0x00000007bae00000|100%| E|CS|TAMS 0x00000007bac00000, 0x00000007bac00000| Complete 
| 983|0x00000007bae00000, 0x00000007bb000000, 0x00000007bb000000|100%| E|CS|TAMS 0x00000007bae00000, 0x00000007bae00000| Complete 
| 984|0x00000007bb000000, 0x00000007bb200000, 0x00000007bb200000|100%| E|CS|TAMS 0x00000007bb000000, 0x00000007bb000000| Complete 
| 985|0x00000007bb200000, 0x00000007bb400000, 0x00000007bb400000|100%| E|CS|TAMS 0x00000007bb200000, 0x00000007bb200000| Complete 
| 986|0x00000007bb400000, 0x00000007bb600000, 0x00000007bb600000|100%| E|CS|TAMS 0x00000007bb400000, 0x00000007bb400000| Complete 
| 987|0x00000007bb600000, 0x00000007bb800000, 0x00000007bb800000|100%| E|CS|TAMS 0x00000007bb600000, 0x00000007bb600000| Complete 
| 988|0x00000007bb800000, 0x00000007bba00000, 0x00000007bba00000|100%| E|CS|TAMS 0x00000007bb800000, 0x00000007bb800000| Complete 
| 989|0x00000007bba00000, 0x00000007bbc00000, 0x00000007bbc00000|100%| E|CS|TAMS 0x00000007bba00000, 0x00000007bba00000| Complete 
| 990|0x00000007bbc00000, 0x00000007bbe00000, 0x00000007bbe00000|100%| E|CS|TAMS 0x00000007bbc00000, 0x00000007bbc00000| Complete 
| 991|0x00000007bbe00000, 0x00000007bc000000, 0x00000007bc000000|100%| E|CS|TAMS 0x00000007bbe00000, 0x00000007bbe00000| Complete 
| 992|0x00000007bc000000, 0x00000007bc200000, 0x00000007bc200000|100%| E|CS|TAMS 0x00000007bc000000, 0x00000007bc000000| Complete 
| 993|0x00000007bc200000, 0x00000007bc400000, 0x00000007bc400000|100%| E|  |TAMS 0x00000007bc200000, 0x00000007bc200000| Complete 
| 994|0x00000007bc400000, 0x00000007bc600000, 0x00000007bc600000|100%| E|CS|TAMS 0x00000007bc400000, 0x00000007bc400000| Complete 
| 995|0x00000007bc600000, 0x00000007bc800000, 0x00000007bc800000|100%| E|CS|TAMS 0x00000007bc600000, 0x00000007bc600000| Complete 
| 996|0x00000007bc800000, 0x00000007bca00000, 0x00000007bca00000|100%| E|CS|TAMS 0x00000007bc800000, 0x00000007bc800000| Complete 
| 997|0x00000007bca00000, 0x00000007bcc00000, 0x00000007bcc00000|100%| E|CS|TAMS 0x00000007bca00000, 0x00000007bca00000| Complete 
| 998|0x00000007bcc00000, 0x00000007bce00000, 0x00000007bce00000|100%| E|CS|TAMS 0x00000007bcc00000, 0x00000007bcc00000| Complete 
| 999|0x00000007bce00000, 0x00000007bd000000, 0x00000007bd000000|100%| E|CS|TAMS 0x00000007bce00000, 0x00000007bce00000| Complete 
|1000|0x00000007bd000000, 0x00000007bd200000, 0x00000007bd200000|100%| E|CS|TAMS 0x00000007bd000000, 0x00000007bd000000| Complete 
|1001|0x00000007bd200000, 0x00000007bd400000, 0x00000007bd400000|100%| E|CS|TAMS 0x00000007bd200000, 0x00000007bd200000| Complete 
|1002|0x00000007bd400000, 0x00000007bd600000, 0x00000007bd600000|100%| E|CS|TAMS 0x00000007bd400000, 0x00000007bd400000| Complete 
|1003|0x00000007bd600000, 0x00000007bd800000, 0x00000007bd800000|100%| E|CS|TAMS 0x00000007bd600000, 0x00000007bd600000| Complete 
|1004|0x00000007bd800000, 0x00000007bda00000, 0x00000007bda00000|100%| E|CS|TAMS 0x00000007bd800000, 0x00000007bd800000| Complete 
|1005|0x00000007bda00000, 0x00000007bdc00000, 0x00000007bdc00000|100%| E|CS|TAMS 0x00000007bda00000, 0x00000007bda00000| Complete 
|1006|0x00000007bdc00000, 0x00000007bde00000, 0x00000007bde00000|100%| E|CS|TAMS 0x00000007bdc00000, 0x00000007bdc00000| Complete 
|1007|0x00000007bde00000, 0x00000007be000000, 0x00000007be000000|100%| E|CS|TAMS 0x00000007bde00000, 0x00000007bde00000| Complete 
|1008|0x00000007be000000, 0x00000007be200000, 0x00000007be200000|100%| E|CS|TAMS 0x00000007be000000, 0x00000007be000000| Complete 
|1009|0x00000007be200000, 0x00000007be400000, 0x00000007be400000|100%| E|CS|TAMS 0x00000007be200000, 0x00000007be200000| Complete 
|1010|0x00000007be400000, 0x00000007be600000, 0x00000007be600000|100%| E|CS|TAMS 0x00000007be400000, 0x00000007be400000| Complete 

Card table byte_map: [0x000001d318190000,0x000001d318790000] _byte_map_base: 0x000001d314790000

Marking Bits (Prev, Next): (CMBitMap*) 0x000001d37ed92d80, (CMBitMap*) 0x000001d37ed92d40
 Prev Bits: [0x000001d31bd90000, 0x000001d31ed90000)
 Next Bits: [0x000001d318d90000, 0x000001d31bd90000)

Polling page: 0x000001d37ea20000

Metaspace:

Usage:
  Non-class:    257.06 MB used.
      Class:     38.50 MB used.
       Both:    295.56 MB used.

Virtual space:
  Non-class space:      264.00 MB reserved,     259.06 MB ( 98%) committed,  33 nodes.
      Class space:      820.00 MB reserved,      40.38 MB (  5%) committed,  1 nodes.
             Both:        1.06 GB reserved,     299.44 MB ( 28%) committed. 

Chunk freelists:
   Non-Class:  554.00 KB
       Class:  3.66 MB
        Both:  4.21 MB

MaxMetaspaceSize: 1.00 GB
CompressedClassSpaceSize: 820.00 MB
Initial GC threshold: 21.00 MB
Current GC threshold: 492.19 MB
CDS: on
MetaspaceReclaimPolicy: balanced
 - commit_granule_bytes: 65536.
 - commit_granule_words: 8192.
 - virtual_space_node_default_size: 1048576.
 - enlarge_chunks_in_place: 1.
 - new_chunks_are_fully_committed: 0.
 - uncommit_free_chunks: 1.
 - use_allocation_guard: 0.
 - handle_deallocations: 1.


Internal statistics:

num_allocs_failed_limit: 18.
num_arena_births: 6764.
num_arena_deaths: 172.
num_vsnodes_births: 34.
num_vsnodes_deaths: 0.
num_space_committed: 4787.
num_space_uncommitted: 6.
num_chunks_returned_to_freelist: 363.
num_chunks_taken_from_freelist: 22534.
num_chunk_merges: 100.
num_chunk_splits: 13541.
num_chunks_enlarged: 7154.
num_purges: 14.
num_inconsistent_stats: 0.

CodeHeap 'non-profiled nmethods': size=120000Kb used=42602Kb max_used=42682Kb free=77397Kb
 bounds [0x000001d310660000, 0x000001d313030000, 0x000001d317b90000]
CodeHeap 'profiled nmethods': size=120000Kb used=92840Kb max_used=93961Kb free=27159Kb
 bounds [0x000001d309130000, 0x000001d30ee20000, 0x000001d310660000]
CodeHeap 'non-nmethods': size=5760Kb used=2077Kb max_used=2170Kb free=3682Kb
 bounds [0x000001d308b90000, 0x000001d308e00000, 0x000001d309130000]
 total_blobs=46532 nmethods=45303 adapters=1135
 compilation: enabled
              stopped_count=0, restarted_count=0
 full_count=0

Compilation events (20 events):
Event: 331.167 Thread 0x000001d3216feb70 62053       3       org.jetbrains.kotlin.fir.deserialization.PackagePartsCacheData::typeAliasNameIndex_delegate$lambda$8 (205 bytes)
Event: 331.169 Thread 0x000001d3216feb70 nmethod 62053 0x000001d30dadf510 code [0x000001d30dadf940, 0x000001d30dae1a18]
Event: 331.169 Thread 0x000001d3216feb70 62052       3       org.jetbrains.kotlin.fir.deserialization.PackagePartsCacheData$$Lambda$5602/0x0000000802f357e8::invoke (8 bytes)
Event: 331.169 Thread 0x000001d3216feb70 nmethod 62052 0x000001d3091fcc90 code [0x000001d3091fce20, 0x000001d3091fcf68]
Event: 331.169 Thread 0x000001d3216feb70 62054       3       org.jetbrains.kotlin.fir.deserialization.PackagePartsCacheData::getTypeAliasNameIndex (15 bytes)
Event: 331.170 Thread 0x000001d3216feb70 nmethod 62054 0x000001d309311a90 code [0x000001d309311c40, 0x000001d309311f28]
Event: 331.170 Thread 0x000001d3216feb70 62051       3       org.jetbrains.kotlin.load.kotlin.JvmPackagePartSource::<init> (132 bytes)
Event: 331.172 Thread 0x000001d3216feb70 nmethod 62051 0x000001d30d0e7e90 code [0x000001d30d0e83e0, 0x000001d30d0eab88]
Event: 331.178 Thread 0x000001d32278a190 nmethod 62040 0x000001d312f94710 code [0x000001d312f94a00, 0x000001d312f95d80]
Event: 331.178 Thread 0x000001d32278a190 62048       4       org.gradle.internal.xml.SimpleMarkupWriter::writeXmlEncoded (70 bytes)
Event: 331.182 Thread 0x000001d3216feb70 62060       1       org.jetbrains.kotlin.fir.declarations.impl.FirScriptImpl::getParameters (5 bytes)
Event: 331.182 Thread 0x000001d3216feb70 nmethod 62060 0x000001d3128a5e90 code [0x000001d3128a6020, 0x000001d3128a60f8]
Event: 331.183 Thread 0x000001d32278a190 nmethod 62048 0x000001d311877410 code [0x000001d3118775e0, 0x000001d311877c18]
Event: 331.183 Thread 0x000001d32278a190 62059       4       org.jetbrains.kotlin.analysis.low.level.api.fir.file.structure.FirElementsRecorder::visitElement (30 bytes)
Event: 331.187 Thread 0x000001d3216feb70 62061       3       org.jetbrains.kotlin.fir.expressions.impl.FirSingleExpressionBlock::getStatements (8 bytes)
Event: 331.187 Thread 0x000001d3216feb70 nmethod 62061 0x000001d30aabab10 code [0x000001d30aabaca0, 0x000001d30aabade8]
Event: 331.189 Thread 0x000001d3216feb70 62062       1       org.jetbrains.kotlin.fir.declarations.impl.FirAnonymousInitializerImpl::setBody (6 bytes)
Event: 331.189 Thread 0x000001d3216feb70 nmethod 62062 0x000001d3128a5b90 code [0x000001d3128a5d20, 0x000001d3128a5e38]
Event: 331.197 Thread 0x000001d32278a190 nmethod 62059 0x000001d312f5fa10 code [0x000001d312f5fc60, 0x000001d312f60560]
Event: 331.197 Thread 0x000001d32278a190 62063       4       org.jetbrains.kotlin.fir.deserialization.AbstractFirDeserializedSymbolProvider::getClass (98 bytes)

GC Heap History (20 events):
Event: 315.820 GC heap before
{Heap before GC invocations=138 (full 0):
 garbage-first heap   total 2070528K, used 1086464K [0x0000000740000000, 0x0000000800000000)
  region size 2048K, 75 young (153600K), 26 survivors (53248K)
 Metaspace       used 292312K, committed 296064K, reserved 1101824K
  class space    used 38337K, committed 40192K, reserved 839680K
}
Event: 315.844 GC heap after
{Heap after GC invocations=139 (full 0):
 garbage-first heap   total 2070528K, used 999424K [0x0000000740000000, 0x0000000800000000)
  region size 2048K, 6 young (12288K), 6 survivors (12288K)
 Metaspace       used 292312K, committed 296064K, reserved 1101824K
  class space    used 38337K, committed 40192K, reserved 839680K
}
Event: 318.371 GC heap before
{Heap before GC invocations=140 (full 0):
 garbage-first heap   total 2070528K, used 1654784K [0x0000000740000000, 0x0000000800000000)
  region size 2048K, 333 young (681984K), 6 survivors (12288K)
 Metaspace       used 292972K, committed 296768K, reserved 1101824K
  class space    used 38437K, committed 40320K, reserved 839680K
}
Event: 318.404 GC heap after
{Heap after GC invocations=141 (full 0):
 garbage-first heap   total 2070528K, used 1032156K [0x0000000740000000, 0x0000000800000000)
  region size 2048K, 30 young (61440K), 30 survivors (61440K)
 Metaspace       used 292972K, committed 296768K, reserved 1101824K
  class space    used 38437K, committed 40320K, reserved 839680K
}
Event: 318.562 GC heap before
{Heap before GC invocations=141 (full 0):
 garbage-first heap   total 2070528K, used 1071068K [0x0000000740000000, 0x0000000800000000)
  region size 2048K, 50 young (102400K), 30 survivors (61440K)
 Metaspace       used 293008K, committed 296832K, reserved 1101824K
  class space    used 38437K, committed 40320K, reserved 839680K
}
Event: 318.600 GC heap after
{Heap after GC invocations=142 (full 0):
 garbage-first heap   total 2070528K, used 896136K [0x0000000740000000, 0x0000000800000000)
  region size 2048K, 6 young (12288K), 6 survivors (12288K)
 Metaspace       used 293008K, committed 296832K, reserved 1101824K
  class space    used 38437K, committed 40320K, reserved 839680K
}
Event: 318.923 GC heap before
{Heap before GC invocations=142 (full 0):
 garbage-first heap   total 2070528K, used 984200K [0x0000000740000000, 0x0000000800000000)
  region size 2048K, 50 young (102400K), 6 survivors (12288K)
 Metaspace       used 293063K, committed 296832K, reserved 1101824K
  class space    used 38438K, committed 40320K, reserved 839680K
}
Event: 318.961 GC heap after
{Heap after GC invocations=143 (full 0):
 garbage-first heap   total 2070528K, used 867328K [0x0000000740000000, 0x0000000800000000)
  region size 2048K, 7 young (14336K), 7 survivors (14336K)
 Metaspace       used 293063K, committed 296832K, reserved 1101824K
  class space    used 38438K, committed 40320K, reserved 839680K
}
Event: 324.089 GC heap before
{Heap before GC invocations=143 (full 0):
 garbage-first heap   total 2070528K, used 1649664K [0x0000000740000000, 0x0000000800000000)
  region size 2048K, 389 young (796672K), 7 survivors (14336K)
 Metaspace       used 295702K, committed 299584K, reserved 1101824K
  class space    used 38735K, committed 40640K, reserved 839680K
}
Event: 324.131 GC heap after
{Heap after GC invocations=144 (full 0):
 garbage-first heap   total 2070528K, used 953993K [0x0000000740000000, 0x0000000800000000)
  region size 2048K, 49 young (100352K), 49 survivors (100352K)
 Metaspace       used 295702K, committed 299584K, reserved 1101824K
  class space    used 38735K, committed 40640K, reserved 839680K
}
Event: 326.592 GC heap before
{Heap before GC invocations=144 (full 0):
 garbage-first heap   total 2070528K, used 1652361K [0x0000000740000000, 0x0000000800000000)
  region size 2048K, 391 young (800768K), 49 survivors (100352K)
 Metaspace       used 296768K, committed 300672K, reserved 1101824K
  class space    used 38856K, committed 40768K, reserved 839680K
}
Event: 326.636 GC heap after
{Heap after GC invocations=145 (full 0):
 garbage-first heap   total 2070528K, used 1009574K [0x0000000740000000, 0x0000000800000000)
  region size 2048K, 34 young (69632K), 34 survivors (69632K)
 Metaspace       used 296768K, committed 300672K, reserved 1101824K
  class space    used 38856K, committed 40768K, reserved 839680K
}
Event: 326.652 GC heap before
{Heap before GC invocations=145 (full 0):
 garbage-first heap   total 2070528K, used 1011622K [0x0000000740000000, 0x0000000800000000)
  region size 2048K, 37 young (75776K), 34 survivors (69632K)
 Metaspace       used 297030K, committed 300928K, reserved 1101824K
  class space    used 38864K, committed 40768K, reserved 839680K
}
Event: 326.678 GC heap after
{Heap after GC invocations=146 (full 0):
 garbage-first heap   total 2070528K, used 1017856K [0x0000000740000000, 0x0000000800000000)
  region size 2048K, 5 young (10240K), 5 survivors (10240K)
 Metaspace       used 297030K, committed 300928K, reserved 1101824K
  class space    used 38864K, committed 40768K, reserved 839680K
}
Event: 329.008 GC heap before
{Heap before GC invocations=147 (full 0):
 garbage-first heap   total 2070528K, used 1687552K [0x0000000740000000, 0x0000000800000000)
  region size 2048K, 335 young (686080K), 5 survivors (10240K)
 Metaspace       used 302542K, committed 306432K, reserved 1110016K
  class space    used 39402K, committed 41280K, reserved 839680K
}
Event: 329.034 GC heap after
{Heap after GC invocations=148 (full 0):
 garbage-first heap   total 2070528K, used 1049858K [0x0000000740000000, 0x0000000800000000)
  region size 2048K, 23 young (47104K), 23 survivors (47104K)
 Metaspace       used 302542K, committed 306432K, reserved 1110016K
  class space    used 39402K, committed 41280K, reserved 839680K
}
Event: 329.055 GC heap before
{Heap before GC invocations=148 (full 0):
 garbage-first heap   total 2070528K, used 1105154K [0x0000000740000000, 0x0000000800000000)
  region size 2048K, 50 young (102400K), 23 survivors (47104K)
 Metaspace       used 302543K, committed 306432K, reserved 1110016K
  class space    used 39402K, committed 41280K, reserved 839680K
}
Event: 329.106 GC heap after
{Heap after GC invocations=149 (full 0):
 garbage-first heap   total 2070528K, used 958464K [0x0000000740000000, 0x0000000800000000)
  region size 2048K, 7 young (14336K), 7 survivors (14336K)
 Metaspace       used 302543K, committed 306432K, reserved 1110016K
  class space    used 39402K, committed 41280K, reserved 839680K
}
Event: 330.948 GC heap before
{Heap before GC invocations=149 (full 0):
 garbage-first heap   total 2070528K, used 1681408K [0x0000000740000000, 0x0000000800000000)
  region size 2048K, 361 young (739328K), 7 survivors (14336K)
 Metaspace       used 302641K, committed 306624K, reserved 1110016K
  class space    used 39427K, committed 41344K, reserved 839680K
}
Event: 330.973 GC heap after
{Heap after GC invocations=150 (full 0):
 garbage-first heap   total 2070528K, used 1013652K [0x0000000740000000, 0x0000000800000000)
  region size 2048K, 34 young (69632K), 34 survivors (69632K)
 Metaspace       used 302641K, committed 306624K, reserved 1110016K
  class space    used 39427K, committed 41344K, reserved 839680K
}

Deoptimization events (20 events):
Event: 331.067 Thread 0x000001d3354f8130 Uncommon trap: trap_request=0xffffff66 fr.pc=0x000001d31282ef90 relative=0x00000000000005f0
Event: 331.067 Thread 0x000001d3354f8130 Uncommon trap: reason=speculate_class_check action=maybe_recompile pc=0x000001d31282ef90 method=org.jetbrains.kotlin.analysis.low.level.api.fir.file.structure.FirElementsRecorder.isSourceForCompoundAccess(Lorg/jetbrains/kotlin/KtSourceElement;Lorg/jetbrai
Event: 331.067 Thread 0x000001d3354f8130 DEOPT PACKING pc=0x000001d31282ef90 sp=0x000000b9196fadf0
Event: 331.067 Thread 0x000001d3354f8130 DEOPT UNPACKING pc=0x000001d308be23a3 sp=0x000000b9196facb8 mode 2
Event: 331.069 Thread 0x000001d3345b0620 Uncommon trap: trap_request=0xffffffde fr.pc=0x000001d312d83be4 relative=0x00000000000019a4
Event: 331.069 Thread 0x000001d3345b0620 Uncommon trap: reason=class_check action=maybe_recompile pc=0x000001d312d83be4 method=org.jetbrains.kotlin.analysis.low.level.api.fir.api.FirDesignationKt.tryCollectDesignation(Lorg/jetbrains/kotlin/fir/declarations/FirFile;Lorg/jetbrains/kotlin/fir/FirEl
Event: 331.069 Thread 0x000001d3345b0620 DEOPT PACKING pc=0x000001d312d83be4 sp=0x000000b9192fa2a0
Event: 331.069 Thread 0x000001d3345b0620 DEOPT UNPACKING pc=0x000001d308be23a3 sp=0x000000b9192fa268 mode 2
Event: 331.167 Thread 0x000001d3354f8130 Uncommon trap: trap_request=0xffffff66 fr.pc=0x000001d312f0f854 relative=0x0000000000000554
Event: 331.167 Thread 0x000001d3354f8130 Uncommon trap: reason=speculate_class_check action=maybe_recompile pc=0x000001d312f0f854 method=org.jetbrains.kotlin.analysis.low.level.api.fir.file.structure.FirElementsRecorder.isSourceForCompoundAccess(Lorg/jetbrains/kotlin/KtSourceElement;Lorg/jetbrai
Event: 331.167 Thread 0x000001d3354f8130 DEOPT PACKING pc=0x000001d312f0f854 sp=0x000000b9196fb530
Event: 331.167 Thread 0x000001d3354f8130 DEOPT UNPACKING pc=0x000001d308be23a3 sp=0x000000b9196fb418 mode 2
Event: 331.167 Thread 0x000001d3354f8130 Uncommon trap: trap_request=0xffffff66 fr.pc=0x000001d312f0f854 relative=0x0000000000000554
Event: 331.167 Thread 0x000001d3354f8130 Uncommon trap: reason=speculate_class_check action=maybe_recompile pc=0x000001d312f0f854 method=org.jetbrains.kotlin.analysis.low.level.api.fir.file.structure.FirElementsRecorder.isSourceForCompoundAccess(Lorg/jetbrains/kotlin/KtSourceElement;Lorg/jetbrai
Event: 331.167 Thread 0x000001d3354f8130 DEOPT PACKING pc=0x000001d312f0f854 sp=0x000000b9196fb2e0
Event: 331.168 Thread 0x000001d3354f8130 DEOPT UNPACKING pc=0x000001d308be23a3 sp=0x000000b9196fb1c8 mode 2
Event: 331.185 Thread 0x000001d3345b0620 Uncommon trap: trap_request=0xfffffff4 fr.pc=0x000001d310d4b5f8 relative=0x0000000000002e18
Event: 331.185 Thread 0x000001d3345b0620 Uncommon trap: reason=null_check action=make_not_entrant pc=0x000001d310d4b5f8 method=org.jetbrains.kotlin.fir.deserialization.AbstractFirDeserializedSymbolProvider$$Lambda$5368/0x0000000802e4d078.invoke(Ljava/lang/Object;Ljava/lang/Object;Ljava/lang/Obje
Event: 331.185 Thread 0x000001d3345b0620 DEOPT PACKING pc=0x000001d310d4b5f8 sp=0x000000b9192f6250
Event: 331.185 Thread 0x000001d3345b0620 DEOPT UNPACKING pc=0x000001d308be23a3 sp=0x000000b9192f6010 mode 2

Classes unloaded (20 events):
Event: 327.192 Thread 0x000001d3216da950 Unloading class 0x0000000803375bd8 'jdk/internal/jimage/ImageHeader'
Event: 327.192 Thread 0x000001d3216da950 Unloading class 0x00000008033759a8 'jdk/internal/jimage/BasicImageReader$2'
Event: 327.192 Thread 0x000001d3216da950 Unloading class 0x0000000803375778 'jdk/internal/jimage/BasicImageReader$1'
Event: 327.192 Thread 0x000001d3216da950 Unloading class 0x0000000803375510 'jdk/internal/jimage/ImageReader$Resource'
Event: 327.192 Thread 0x000001d3216da950 Unloading class 0x00000008033752a8 'jdk/internal/jimage/ImageReader$LinkNode'
Event: 327.192 Thread 0x000001d3216da950 Unloading class 0x0000000803375040 'jdk/internal/jimage/ImageReader$Directory'
Event: 327.192 Thread 0x000001d3216da950 Unloading class 0x0000000803374dd8 'jdk/internal/jimage/ImageReader$Node'
Event: 327.192 Thread 0x000001d3216da950 Unloading class 0x0000000803374be0 'jdk/internal/jimage/ImageStrings'
Event: 327.192 Thread 0x000001d3216da950 Unloading class 0x0000000803374920 'jdk/internal/jimage/ImageReader$SharedImageReader'
Event: 327.192 Thread 0x000001d3216da950 Unloading class 0x0000000803374660 'jdk/internal/jimage/BasicImageReader'
Event: 327.192 Thread 0x000001d3216da950 Unloading class 0x0000000803374440 'jdk/internal/jimage/ImageReader'
Event: 327.192 Thread 0x000001d3216da950 Unloading class 0x0000000803374218 'jdk/internal/jrtfs/SystemImage$2'
Event: 327.192 Thread 0x000001d3216da950 Unloading class 0x0000000803374000 'jdk/internal/jrtfs/SystemImage$$Lambda$7438+0x0000000803374000'
Event: 327.192 Thread 0x000001d3216da950 Unloading class 0x0000000803367d20 'jdk/internal/jrtfs/ExplodedImage'
Event: 327.192 Thread 0x000001d3216da950 Unloading class 0x0000000803367ae8 'jdk/internal/jrtfs/SystemImage$1'
Event: 327.192 Thread 0x000001d3216da950 Unloading class 0x00000008033678d0 'jdk/internal/jrtfs/SystemImage'
Event: 327.192 Thread 0x000001d3216da950 Unloading class 0x0000000803367670 'jdk/internal/jrtfs/JrtFileStore'
Event: 327.192 Thread 0x000001d3216da950 Unloading class 0x00000008033672f8 'jdk/internal/jrtfs/JrtPath'
Event: 327.192 Thread 0x000001d3216da950 Unloading class 0x0000000803367000 'jdk/internal/jrtfs/JrtFileSystem'
Event: 327.192 Thread 0x000001d3216da950 Unloading class 0x0000000803366c00 'jdk/internal/jrtfs/JrtFileSystemProvider'

Classes redefined (0 events):
No events

Internal exceptions (20 events):
Event: 331.032 Thread 0x000001d3345b0af0 Exception <a 'sun/nio/fs/WindowsException'{0x00000007bda5b368}> (0x00000007bda5b368) 
thrown [t:\workspace\open\src\hotspot\share\prims\jni.cpp, line 516]
Event: 331.032 Thread 0x000001d3345b0af0 Exception <a 'sun/nio/fs/WindowsException'{0x00000007bda5bf00}> (0x00000007bda5bf00) 
thrown [t:\workspace\open\src\hotspot\share\prims\jni.cpp, line 516]
Event: 331.032 Thread 0x000001d3345b0af0 Exception <a 'sun/nio/fs/WindowsException'{0x00000007bda5cae8}> (0x00000007bda5cae8) 
thrown [t:\workspace\open\src\hotspot\share\prims\jni.cpp, line 516]
Event: 331.033 Thread 0x000001d330168bb0 Exception <a 'sun/nio/fs/WindowsException'{0x00000007bdfec7b0}> (0x00000007bdfec7b0) 
thrown [t:\workspace\open\src\hotspot\share\prims\jni.cpp, line 516]
Event: 331.033 Thread 0x000001d3345b0af0 Exception <a 'sun/nio/fs/WindowsException'{0x00000007bda5d708}> (0x00000007bda5d708) 
thrown [t:\workspace\open\src\hotspot\share\prims\jni.cpp, line 516]
Event: 331.033 Thread 0x000001d330168bb0 Exception <a 'sun/nio/fs/WindowsException'{0x00000007bdfed128}> (0x00000007bdfed128) 
thrown [t:\workspace\open\src\hotspot\share\prims\jni.cpp, line 516]
Event: 331.033 Thread 0x000001d3345b0af0 Exception <a 'sun/nio/fs/WindowsException'{0x00000007bda5e398}> (0x00000007bda5e398) 
thrown [t:\workspace\open\src\hotspot\share\prims\jni.cpp, line 516]
Event: 331.034 Thread 0x000001d330168bb0 Exception <a 'sun/nio/fs/WindowsException'{0x00000007bdfedb08}> (0x00000007bdfedb08) 
thrown [t:\workspace\open\src\hotspot\share\prims\jni.cpp, line 516]
Event: 331.034 Thread 0x000001d3345b0af0 Exception <a 'sun/nio/fs/WindowsException'{0x00000007bda5f090}> (0x00000007bda5f090) 
thrown [t:\workspace\open\src\hotspot\share\prims\jni.cpp, line 516]
Event: 331.036 Thread 0x000001d330168bb0 Exception <a 'sun/nio/fs/WindowsException'{0x00000007bdfeeb90}> (0x00000007bdfeeb90) 
thrown [t:\workspace\open\src\hotspot\share\prims\jni.cpp, line 516]
Event: 331.040 Thread 0x000001d330168bb0 Exception <a 'sun/nio/fs/WindowsException'{0x00000007bdfef508}> (0x00000007bdfef508) 
thrown [t:\workspace\open\src\hotspot\share\prims\jni.cpp, line 516]
Event: 331.043 Thread 0x000001d330168bb0 Exception <a 'sun/nio/fs/WindowsException'{0x00000007bdff0350}> (0x00000007bdff0350) 
thrown [t:\workspace\open\src\hotspot\share\prims\jni.cpp, line 516]
Event: 331.044 Thread 0x000001d330168bb0 Exception <a 'sun/nio/fs/WindowsException'{0x00000007bdff0d58}> (0x00000007bdff0d58) 
thrown [t:\workspace\open\src\hotspot\share\prims\jni.cpp, line 516]
Event: 331.046 Thread 0x000001d330168bb0 Exception <a 'sun/nio/fs/WindowsException'{0x00000007bdff1890}> (0x00000007bdff1890) 
thrown [t:\workspace\open\src\hotspot\share\prims\jni.cpp, line 516]
Event: 331.046 Thread 0x000001d330168bb0 Exception <a 'sun/nio/fs/WindowsException'{0x00000007bdff2428}> (0x00000007bdff2428) 
thrown [t:\workspace\open\src\hotspot\share\prims\jni.cpp, line 516]
Event: 331.046 Thread 0x000001d330168bb0 Exception <a 'sun/nio/fs/WindowsException'{0x00000007bdff3010}> (0x00000007bdff3010) 
thrown [t:\workspace\open\src\hotspot\share\prims\jni.cpp, line 516]
Event: 331.047 Thread 0x000001d330168bb0 Exception <a 'sun/nio/fs/WindowsException'{0x00000007bdff3c30}> (0x00000007bdff3c30) 
thrown [t:\workspace\open\src\hotspot\share\prims\jni.cpp, line 516]
Event: 331.047 Thread 0x000001d330168bb0 Exception <a 'sun/nio/fs/WindowsException'{0x00000007bdff48c0}> (0x00000007bdff48c0) 
thrown [t:\workspace\open\src\hotspot\share\prims\jni.cpp, line 516]
Event: 331.047 Thread 0x000001d330168bb0 Exception <a 'sun/nio/fs/WindowsException'{0x00000007bdff55b8}> (0x00000007bdff55b8) 
thrown [t:\workspace\open\src\hotspot\share\prims\jni.cpp, line 516]
Event: 331.185 Thread 0x000001d3345b0620 Implicit null exception at 0x000001d310d49e5a to 0x000001d310d4b5d8

VM Operations (20 events):
Event: 329.646 Executing VM operation: HandshakeAllThreads
Event: 329.647 Executing VM operation: HandshakeAllThreads done
Event: 329.841 Executing VM operation: ICBufferFull
Event: 329.845 Executing VM operation: ICBufferFull done
Event: 330.005 Executing VM operation: ICBufferFull
Event: 330.006 Executing VM operation: ICBufferFull done
Event: 330.366 Executing VM operation: ICBufferFull
Event: 330.367 Executing VM operation: ICBufferFull done
Event: 330.678 Executing VM operation: HandshakeAllThreads
Event: 330.679 Executing VM operation: HandshakeAllThreads done
Event: 330.688 Executing VM operation: HandshakeAllThreads
Event: 330.689 Executing VM operation: HandshakeAllThreads done
Event: 330.694 Executing VM operation: HandshakeAllThreads
Event: 330.697 Executing VM operation: HandshakeAllThreads done
Event: 330.761 Executing VM operation: ICBufferFull
Event: 330.762 Executing VM operation: ICBufferFull done
Event: 330.947 Executing VM operation: G1CollectForAllocation
Event: 330.978 Executing VM operation: G1CollectForAllocation done
Event: 331.067 Executing VM operation: HandshakeAllThreads
Event: 331.068 Executing VM operation: HandshakeAllThreads done

Events (20 events):
Event: 331.171 Thread 0x000001d3216ff470 flushing nmethod 0x000001d30dd8dd10
Event: 331.171 Thread 0x000001d3216ff470 flushing nmethod 0x000001d30dd8fb90
Event: 331.171 Thread 0x000001d3216ff470 flushing nmethod 0x000001d30ddc2110
Event: 331.171 Thread 0x000001d3216ff470 flushing nmethod 0x000001d30de3d410
Event: 331.175 Thread 0x000001d3216ff470 flushing nmethod 0x000001d30e20c510
Event: 331.175 Thread 0x000001d3216ff470 flushing nmethod 0x000001d30e21d790
Event: 331.176 Thread 0x000001d3216ff470 flushing nmethod 0x000001d30e4c6490
Event: 331.176 Thread 0x000001d3216ff470 flushing nmethod 0x000001d30e4db590
Event: 331.177 Thread 0x000001d3216ff470 flushing nmethod 0x000001d30e5ec690
Event: 331.177 Thread 0x000001d3216ff470 flushing nmethod 0x000001d30e62c490
Event: 331.178 Thread 0x000001d3216ff470 flushing nmethod 0x000001d30e66f010
Event: 331.178 Thread 0x000001d3216ff470 flushing nmethod 0x000001d30e6d2290
Event: 331.179 Thread 0x000001d3216ff470 flushing nmethod 0x000001d30e81de90
Event: 331.180 Thread 0x000001d3216ff470 flushing nmethod 0x000001d30e931e90
Event: 331.180 Thread 0x000001d3216ff470 flushing nmethod 0x000001d30ea35110
Event: 331.181 Thread 0x000001d3216ff470 flushing nmethod 0x000001d30eaceb90
Event: 331.181 Thread 0x000001d3216ff470 flushing nmethod 0x000001d30eb0ed10
Event: 331.181 Thread 0x000001d3216ff470 flushing nmethod 0x000001d30eb7ff90
Event: 331.181 Thread 0x000001d3216ff470 flushing nmethod 0x000001d30ebd1a10
Event: 331.181 Thread 0x000001d3216ff470 flushing nmethod 0x000001d30ec36c10


Dynamic libraries:
0x00007ff6f95c0000 - 0x00007ff6f95d0000 	C:\Program Files\Java\jdk-17.0.2\bin\java.exe
0x00007ffe25d40000 - 0x00007ffe25fa7000 	C:\WINDOWS\SYSTEM32\ntdll.dll
0x00007ffe23b90000 - 0x00007ffe23c5b000 	C:\WINDOWS\System32\KERNEL32.DLL
0x00007ffe23180000 - 0x00007ffe23582000 	C:\WINDOWS\System32\KERNELBASE.dll
0x00007ffe1f7c0000 - 0x00007ffe1f85f000 	C:\WINDOWS\SYSTEM32\apphelp.dll
0x00007ffe23590000 - 0x00007ffe236dc000 	C:\WINDOWS\System32\ucrtbase.dll
0x00007ffe069b0000 - 0x00007ffe069c8000 	C:\Program Files\Java\jdk-17.0.2\bin\jli.dll
0x00007ffe06990000 - 0x00007ffe069aa000 	C:\Program Files\Java\jdk-17.0.2\bin\VCRUNTIME140.dll
0x00007ffe24400000 - 0x00007ffe244bc000 	C:\WINDOWS\System32\ADVAPI32.dll
0x00007ffe256e0000 - 0x00007ffe25789000 	C:\WINDOWS\System32\msvcrt.dll
0x00007ffe24ae0000 - 0x00007ffe24b89000 	C:\WINDOWS\System32\sechost.dll
0x00007ffe25a80000 - 0x00007ffe25b98000 	C:\WINDOWS\System32\RPCRT4.dll
0x00007ffe25500000 - 0x00007ffe256cf000 	C:\WINDOWS\System32\USER32.dll
0x00007ffe23000000 - 0x00007ffe23027000 	C:\WINDOWS\System32\win32u.dll
0x00007ffe0cc00000 - 0x00007ffe0ce90000 	C:\WINDOWS\WinSxS\amd64_microsoft.windows.common-controls_6595b64144ccf1df_6.0.26100.9278_none_3e0d1ba8e3303201\COMCTL32.dll
0x00007ffe244d0000 - 0x00007ffe244fb000 	C:\WINDOWS\System32\GDI32.dll
0x00007ffe236f0000 - 0x00007ffe23819000 	C:\WINDOWS\System32\gdi32full.dll
0x00007ffe23820000 - 0x00007ffe238c3000 	C:\WINDOWS\System32\msvcp_win.dll
0x00007ffe1b570000 - 0x00007ffe1b57b000 	C:\WINDOWS\SYSTEM32\VERSION.dll
0x00007ffe24e70000 - 0x00007ffe24ea1000 	C:\WINDOWS\System32\IMM32.DLL
0x00007ffe1dd50000 - 0x00007ffe1dd5c000 	C:\Program Files\Java\jdk-17.0.2\bin\vcruntime140_1.dll
0x00007ffe06900000 - 0x00007ffe0698d000 	C:\Program Files\Java\jdk-17.0.2\bin\msvcp140.dll
0x00007ffd6ef20000 - 0x00007ffd6fae1000 	C:\Program Files\Java\jdk-17.0.2\bin\server\jvm.dll
0x00007ffe23af0000 - 0x00007ffe23af8000 	C:\WINDOWS\System32\PSAPI.DLL
0x00007ffe17990000 - 0x00007ffe1799a000 	C:\WINDOWS\SYSTEM32\WSOCK32.dll
0x00007ffe25340000 - 0x00007ffe253c0000 	C:\WINDOWS\System32\WS2_32.dll
0x00007ffe20700000 - 0x00007ffe20736000 	C:\WINDOWS\SYSTEM32\WINMM.dll
0x00007ffe21bf0000 - 0x00007ffe21c0b000 	C:\WINDOWS\SYSTEM32\kernel.appcore.dll
0x00007ffe13b90000 - 0x00007ffe13b9a000 	C:\Program Files\Java\jdk-17.0.2\bin\jimage.dll
0x00007ffe204a0000 - 0x00007ffe206ec000 	C:\WINDOWS\SYSTEM32\DBGHELP.DLL
0x00007ffe24fb0000 - 0x00007ffe25335000 	C:\WINDOWS\System32\combase.dll
0x00007ffe24d80000 - 0x00007ffe24e59000 	C:\WINDOWS\System32\OLEAUT32.dll
0x00007ffe202e0000 - 0x00007ffe2031b000 	C:\WINDOWS\SYSTEM32\dbgcore.DLL
0x00007ffe230c0000 - 0x00007ffe2316c000 	C:\WINDOWS\System32\bcryptPrimitives.dll
0x00007ffe068a0000 - 0x00007ffe068ae000 	C:\Program Files\Java\jdk-17.0.2\bin\instrument.dll
0x00007ffde7480000 - 0x00007ffde74a5000 	C:\Program Files\Java\jdk-17.0.2\bin\java.dll
0x00007ffdd9340000 - 0x00007ffdd9416000 	C:\Program Files\Java\jdk-17.0.2\bin\jsvml.dll
0x00007ffe23c60000 - 0x00007ffe243f8000 	C:\WINDOWS\System32\SHELL32.dll
0x00007ffe20980000 - 0x00007ffe2122e000 	C:\WINDOWS\SYSTEM32\windows.storage.dll
0x00007ffe24eb0000 - 0x00007ffe24fab000 	C:\WINDOWS\System32\SHCORE.dll
0x00007ffe23a80000 - 0x00007ffe23ae6000 	C:\WINDOWS\System32\shlwapi.dll
0x00007ffe22e60000 - 0x00007ffe22e89000 	C:\WINDOWS\SYSTEM32\profapi.dll
0x00007ffddb820000 - 0x00007ffddb838000 	C:\Program Files\Java\jdk-17.0.2\bin\zip.dll
0x00007ffe064d0000 - 0x00007ffe064e9000 	C:\Program Files\Java\jdk-17.0.2\bin\net.dll
0x00007ffe1bd80000 - 0x00007ffe1beaa000 	C:\WINDOWS\SYSTEM32\WINHTTP.dll
0x00007ffe221d0000 - 0x00007ffe2223c000 	C:\WINDOWS\system32\mswsock.dll
0x00007ffddb980000 - 0x00007ffddb996000 	C:\Program Files\Java\jdk-17.0.2\bin\nio.dll
0x00007ffe12f50000 - 0x00007ffe12f60000 	C:\Program Files\Java\jdk-17.0.2\bin\verify.dll
0x00007ffdda470000 - 0x00007ffdda497000 	C:\Users\charl\.gradle\native\1def1411415f61bf3af743bc5b6707747c0891f09f0c88961ee8f79bc544acac\windows-amd64\native-platform.dll
0x00007ffdd92c0000 - 0x00007ffdd9338000 	C:\Users\charl\.gradle\native\0.2.7\x86_64-windows-gnu\gradle-fileevents.dll
0x00007ffe0ca70000 - 0x00007ffe0ca79000 	C:\Program Files\Java\jdk-17.0.2\bin\management.dll
0x00007ffe068f0000 - 0x00007ffe068fb000 	C:\Program Files\Java\jdk-17.0.2\bin\management_ext.dll
0x00007ffe21590000 - 0x00007ffe215c3000 	C:\WINDOWS\SYSTEM32\IPHLPAPI.DLL
0x00007ffe24580000 - 0x00007ffe2458a000 	C:\WINDOWS\System32\NSI.dll
0x00007ffe1bce0000 - 0x00007ffe1bcfd000 	C:\WINDOWS\SYSTEM32\dhcpcsvc6.DLL
0x00007ffe1bcb0000 - 0x00007ffe1bcd5000 	C:\WINDOWS\SYSTEM32\dhcpcsvc.DLL
0x00007ffe21620000 - 0x00007ffe21778000 	C:\WINDOWS\SYSTEM32\DNSAPI.dll
0x00007ffe21fd0000 - 0x00007ffe21fdd000 	C:\WINDOWS\SYSTEM32\DSPARSE.dll
0x00007ffe224c0000 - 0x00007ffe224db000 	C:\WINDOWS\SYSTEM32\CRYPTSP.dll
0x00007ffe21b50000 - 0x00007ffe21b89000 	C:\WINDOWS\system32\rsaenh.dll
0x00007ffe22280000 - 0x00007ffe222b4000 	C:\WINDOWS\SYSTEM32\USERENV.dll
0x00007ffe22e30000 - 0x00007ffe22e5a000 	C:\WINDOWS\SYSTEM32\bcrypt.dll
0x00007ffe224e0000 - 0x00007ffe224ec000 	C:\WINDOWS\SYSTEM32\CRYPTBASE.dll
0x00007ffe04900000 - 0x00007ffe0490e000 	C:\Program Files\Java\jdk-17.0.2\bin\sunmscapi.dll
0x00007ffe238d0000 - 0x00007ffe23a4e000 	C:\WINDOWS\System32\CRYPT32.dll
0x00007ffe22700000 - 0x00007ffe22730000 	C:\WINDOWS\SYSTEM32\ncrypt.dll
0x00007ffe226b0000 - 0x00007ffe226ef000 	C:\WINDOWS\SYSTEM32\NTASN1.dll
0x00007ffe05be0000 - 0x00007ffe05be8000 	C:\WINDOWS\system32\wshunix.dll
0x00007ffdef540000 - 0x00007ffdef558000 	C:\WINDOWS\system32\napinsp.dll
0x00007ffdef2d0000 - 0x00007ffdef2e3000 	C:\WINDOWS\System32\winrnr.dll
0x00007ffdeeb60000 - 0x00007ffdeeb87000 	C:\WINDOWS\system32\nlansp_c.dll
0x00007ffdf4be0000 - 0x00007ffdf4bf6000 	C:\WINDOWS\system32\wshbth.dll
0x00007ffe13ad0000 - 0x00007ffe13adb000 	C:\Windows\System32\rasadhlp.dll
0x00007ffe1a760000 - 0x00007ffe1a7e6000 	C:\WINDOWS\System32\fwpuclnt.dll
0x00007ffdf4110000 - 0x00007ffdf4117000 	C:\Program Files\Java\jdk-17.0.2\bin\rmi.dll
0x00007ffe21d40000 - 0x00007ffe21d76000 	C:\WINDOWS\SYSTEM32\ntmarta.dll
0x00007ffdb7fe0000 - 0x00007ffdb816f000 	C:\Program Files\Java\jdk-17.0.2\bin\awt.dll
0x00007ffe1fa10000 - 0x00007ffe1fab8000 	C:\WINDOWS\system32\uxtheme.dll
0x00007ffe25ba0000 - 0x00007ffe25cfb000 	C:\WINDOWS\System32\MSCTF.dll
0x00007ffe24b90000 - 0x00007ffe24d2a000 	C:\WINDOWS\System32\ole32.dll
0x00007ffe0ac60000 - 0x00007ffe0aca1000 	C:\Users\charl\AppData\Local\Temp\jna-94623702\jna14383337491220214519.dll

dbghelp: loaded successfully - version: 4.0.5 - missing functions: none
symbol engine: initialized successfully - sym options: 0x614 - pdb path: .;C:\Program Files\Java\jdk-17.0.2\bin;C:\WINDOWS\SYSTEM32;C:\WINDOWS\WinSxS\amd64_microsoft.windows.common-controls_6595b64144ccf1df_6.0.26100.9278_none_3e0d1ba8e3303201;C:\Program Files\Java\jdk-17.0.2\bin\server;C:\Users\charl\.gradle\native\1def1411415f61bf3af743bc5b6707747c0891f09f0c88961ee8f79bc544acac\windows-amd64;C:\Users\charl\.gradle\native\0.2.7\x86_64-windows-gnu;C:\Users\charl\AppData\Local\Temp\jna-94623702

VM Arguments:
jvm_args: --add-opens=java.base/java.lang=ALL-UNNAMED --add-opens=java.base/java.lang.invoke=ALL-UNNAMED --add-opens=java.base/java.util=ALL-UNNAMED --add-opens=java.prefs/java.util.prefs=ALL-UNNAMED --add-exports=jdk.compiler/com.sun.tools.javac.api=ALL-UNNAMED --add-exports=jdk.compiler/com.sun.tools.javac.util=ALL-UNNAMED --add-opens=java.base/java.util=ALL-UNNAMED --add-opens=java.prefs/java.util.prefs=ALL-UNNAMED --add-opens=java.base/java.nio.charset=ALL-UNNAMED --add-opens=java.base/java.net=ALL-UNNAMED --add-opens=java.base/java.util.concurrent.atomic=ALL-UNNAMED --add-opens=java.xml/javax.xml.namespace=ALL-UNNAMED -XX:MaxMetaspaceSize=1g -Xmx3g -Dfile.encoding=UTF-8 -Duser.country=FR -Duser.language=fr -Duser.variant -javaagent:C:\Users\charl\.gradle\wrapper\dists\gradle-8.13-bin\5xuhj0ry160q40clulazy9h7d\gradle-8.13\lib\agents\gradle-instrumentation-agent-8.13.jar 
java_command: org.gradle.launcher.daemon.bootstrap.GradleDaemon 8.13
java_class_path (initial): C:\Users\charl\.gradle\wrapper\dists\gradle-8.13-bin\5xuhj0ry160q40clulazy9h7d\gradle-8.13\lib\gradle-daemon-main-8.13.jar
Launcher Type: SUN_STANDARD

[Global flags]
     intx CICompilerCount                          = 4                                         {product} {ergonomic}
   size_t CompressedClassSpaceSize                 = 859832320                                 {product} {ergonomic}
     uint ConcGCThreads                            = 3                                         {product} {ergonomic}
     uint G1ConcRefinementThreads                  = 10                                        {product} {ergonomic}
   size_t G1HeapRegionSize                         = 2097152                                   {product} {ergonomic}
    uintx GCDrainStackTargetSize                   = 64                                        {product} {ergonomic}
   size_t InitialHeapSize                          = 260046848                                 {product} {ergonomic}
   size_t MarkStackSize                            = 4194304                                   {product} {ergonomic}
   size_t MaxHeapSize                              = 3221225472                                {product} {command line}
   size_t MaxMetaspaceSize                         = 1073741824                                {product} {command line}
   size_t MaxNewSize                               = 1931476992                                {product} {ergonomic}
   size_t MinHeapDeltaBytes                        = 2097152                                   {product} {ergonomic}
   size_t MinHeapSize                              = 8388608                                   {product} {ergonomic}
    uintx NonNMethodCodeHeapSize                   = 5839372                                {pd product} {ergonomic}
    uintx NonProfiledCodeHeapSize                  = 122909434                              {pd product} {ergonomic}
    uintx ProfiledCodeHeapSize                     = 122909434                              {pd product} {ergonomic}
    uintx ReservedCodeCacheSize                    = 251658240                              {pd product} {ergonomic}
     bool SegmentedCodeCache                       = true                                      {product} {ergonomic}
   size_t SoftMaxHeapSize                          = 3221225472                             {manageable} {ergonomic}
     bool UseCompressedClassPointers               = true                           {product lp64_product} {ergonomic}
     bool UseCompressedOops                        = true                           {product lp64_product} {ergonomic}
     bool UseG1GC                                  = true                                      {product} {ergonomic}
     bool UseLargePagesIndividualAllocation        = false                                  {pd product} {ergonomic}

Logging:
Log output configuration:
 #0: stdout all=warning uptime,level,tags
 #1: stderr all=off uptime,level,tags

Environment Variables:
JAVA_HOME=C:\Program Files\Java\jdk-17.0.2
PATH=C:\Users\charl\bin;C:\Program Files\Git\mingw64\bin;C:\Program Files\Git\usr\local\bin;C:\Program Files\Git\usr\bin;C:\Program Files\Git\usr\bin;C:\Program Files\Git\mingw64\bin;C:\Program Files\Git\usr\bin;C:\Users\charl\bin;C:\Program Files\PlasticSCM5\server;C:\Program Files\PlasticSCM5\client;C:\Program Files\ImageMagick-7.1.1-Q16-HDRI;C:\Program Files\Python38\Scripts;C:\Program Files\Python38;C:\Program Files (x86)\Razer\ChromaBroadcast\bin;C:\Program Files\Razer\ChromaBroadcast\bin;C:\Program Files\Common Files\Oracle\Java\javapath;C:\Windows\system32;C:\Windows;C:\Windows\System32\Wbem;C:\Windows\System32\WindowsPowerShell\v1.0;C:\Windows\System32\OpenSSH;C:\Program Files (x86)\NVIDIA Corporation\PhysX\Common;C:\Windows\Microsoft.NET\Framework64\v4.0.30319;C:\Program Files\Microsoft SQL Server\130\Tools\Binn;C:\Program Files\Git\cmd;C:\sqlite3;C:\Program Files\php\libsqlite3.dll;C:\Program Files\Microsoft SQL Server\150\Tools\Binn;C:\Program Files\Microsoft SQL Server\Client SDK\ODBC\170\Tools\Binn;C:\Program Files\dotnet;C:\WINDOWS\system32\config\systemprofile\AppData\Local\Microsoft\WindowsApps;C:\Program Files\CMake\bin;C:\Users\charl\AppData\Roaming\Python\Python38\Scripts;C:\Users\charl\AppData\Roaming\nvm;C:\Program Files\nodejs;C:\Program Files (x86)\Windows Kits\10\Windows Performance Toolkit;C:\Program Files\Microsoft SQL Server\Client SDK\ODBC\180\Tools\Binn;C:\Program Files\NVIDIA Corporation\NVIDIA App\NvDLISR;C:\Program Files\Docker\Docker\resources\bin;C:\Program Files\GitHub CLI;C:\Users\charl\AppData\Local\Programs\Python\Python312\Scripts;C:\Users\charl\AppData\Local\Programs\Python\Python312;C:\Users\charl\AppData\Local\Programs\Python\Python311\Scripts;C:\Users\charl\AppData\Local\Programs\Python\Python311;C:\Users\charl\AppData\Local\Microsoft\WindowsApps;C:\Users\charl\AppData\Local\Programs\Microsoft VS Code\bin;C:\Program Files\JetBrains\IntelliJ IDEA Community Edition 2022.1\bin;C:\Users\charl\JDK\jdk-16.0.2\bin;C:\Program Files\ph
USERNAME=charl
SHELL=C:\Program Files\Git\usr\bin\bash.exe
OS=Windows_NT
PROCESSOR_IDENTIFIER=AMD64 Family 23 Model 96 Stepping 1, AuthenticAMD



---------------  S Y S T E M  ---------------

OS:
 Windows 11 , 64 bit Build 26100 (10.0.26100.9444)
OS uptime: 5 days 23:32 hours
Hyper-V role detected

CPU: total 12 (initial active 12) (12 cores per cpu, 2 threads per core) family 23 model 96 stepping 1 microcode 0x8600104, cx8, cmov, fxsr, ht, mmx, 3dnowpref, sse, sse2, sse3, ssse3, sse4a, sse4.1, sse4.2, popcnt, lzcnt, tsc, tscinvbit, avx, avx2, aes, clmul, bmi1, bmi2, adx, sha, fma, vzeroupper, clflush, clflushopt, hv

Memory: 4k page, system-wide physical 15789M (2967M free)
TotalPageFile size 32173M (AvailPageFile size 14885M)
current process WorkingSet (physical memory assigned to process): 2873M, peak: 2880M
current process commit charge ("private bytes"): 2912M, peak: 2920M

vm_info: Java HotSpot(TM) 64-Bit Server VM (17.0.2+8-LTS-86) for windows-amd64 JRE (17.0.2+8-LTS-86), built on Dec  7 2021 21:51:03 by "mach5one" with MS VC++ 16.8 / 16.9 (VS2019)

END.
